Score,GDP per capita,Healthy life expectancy,Freedom to make life choices,Generosity,Perceptions of corruption,Continent_Africa,Continent_America,Continent_Europe,Score_log
7.587,1.39651,0.94143,0.66557,0.29678,0.41978,0,0,1,2.1502494316903475
7.561,1.30232,0.94784,0.62877,0.4363,0.14145,0,0,1,2.1472170057603486
7.527,1.32548,0.87464,0.64938,0.34139,0.48357,0,0,1,2.1432375997599125
7.522,1.459,0.88521,0.66973,0.34699,0.36503,0,0,1,2.1426510550777205
7.427,1.32629,0.90563,0.63297,0.45811,0.32957,0,1,0,2.1314408367902162
7.406,1.29025,0.88911,0.64169,0.23351,0.41372,0,0,1,2.1289457365829247
7.378,1.32944,0.89284,0.61576,0.4761,0.31814,0,0,1,2.1256092225248433
7.364,1.33171,0.91087,0.6598,0.36262,0.43844,0,0,1,2.123936781566387
7.286,1.25018,0.90837,0.63938,0.47501,0.42922,0,0,0,2.11456734365521
7.284,1.33358,0.93156,0.65124,0.43562,0.35637,0,0,0,2.1143259435333377
7.278,1.22857,0.91387,0.41319,0.33172,0.07785,0,0,0,2.1136013933265407
7.226,0.95578,0.86027,0.63376,0.25497,0.10583,0,1,0,2.1072998698082324
7.2,1.33723,0.89042,0.62433,0.33088,0.18676,0,0,1,2.1041341542702074
7.187,1.02054,0.81444,0.48181,0.14074,0.21312,0,1,0,2.102547530394311
7.119,1.39451,0.86179,0.54604,0.40105,0.1589,0,1,0,2.0942069938803094
6.983,0.98124,0.69702,0.49049,0.14574,0.17521,0,1,0,2.077314280663662
6.946,1.56391,0.91894,0.61583,0.28034,0.37798,0,0,1,2.0726686573924074
6.94,1.33596,0.89533,0.61777,0.45901,0.28703,0,0,1,2.0719132752590443
6.937,1.30782,0.89667,0.5845,0.2225,0.2254,0,0,1,2.0715353701087387
6.901,1.42727,0.80925,0.64157,0.26428,0.38583,0,0,0,2.066989333740596
6.867,1.26637,0.90943,0.59625,0.51912,0.32067,0,0,1,2.0626767953471052
6.853,1.36011,0.76276,0.63274,0.21542,0.32524,0,0,0,2.0608956243927374
6.81,1.04424,0.72052,0.42908,0.05841,0.11069,0,1,0,2.0554049638515943
6.798,1.52186,1.02525,0.54252,0.31105,0.4921,0,0,0,2.0538672905604054
6.786,1.06353,0.79661,0.5421,0.24434,0.0927,0,1,0,2.052327249188264
6.75,1.32792,0.89186,0.61477,0.28214,0.21843,0,0,1,2.0476928433652555
6.67,1.10715,0.85857,0.44132,0.33363,0.12869,0,1,0,2.0373166153791646
6.611,1.69042,0.79733,0.6404,0.32573,0.52208,0,0,0,2.0295945692852544
6.575,1.27778,0.94579,0.55011,0.12332,0.20646,0,0,1,2.024853351395433
6.574,1.05351,0.78723,0.44974,0.11451,0.08484,0,1,0,2.024721329479603
6.505,1.17898,0.84483,0.46364,0.10686,0.02652,0,0,1,2.0155694650854254
6.485,1.06166,0.8116,0.60362,0.2324,0.24558,0,1,0,2.0129010178715916
6.477,0.91861,0.69077,0.53466,0.18401,0.0512,0,1,0,2.0118316420177784
6.455,0.9669,0.7385,0.55664,0.5763,0.03187,0,0,0,2.0088849482167017
6.411,1.39541,0.72025,0.31048,0.13706,0.32524,0,0,0,2.0029653829692218
6.329,1.23011,0.95562,0.45951,0.18227,0.06398,0,0,1,1.991839080943713
6.302,1.2074,0.88721,0.60365,0.51752,0.13586,0,0,1,1.9881482832334452
6.298,1.29098,0.8753,0.3974,0.25376,0.08129,0,0,0,1.987600338014256
6.295,1.55422,0.72492,0.55499,0.16228,0.25609,0,0,0,1.987189181974749
6.269,0.99534,0.6082,0.59657,0.16991,0.13633,0,1,0,1.9836187305024984
6.168,1.21183,0.61483,0.55884,0.31844,0.0114,0,1,0,1.9696266756726293
6.13,0.76454,0.67737,0.4035,0.10692,0.11776,0,1,0,1.9643112344262046
6.123,0.74553,0.64425,0.57733,0.27489,0.09472,0,1,0,1.9633289849962168
6.003,0.63244,0.59772,0.65821,0.22837,0.30826,0,0,0,1.9463386286733808
5.995,1.16891,0.78902,0.31751,0.16893,0.03431,0,0,1,1.9451956081174444
5.987,1.27074,0.99111,0.49615,0.10705,0.1806,0,0,0,1.9440512795703135
5.984,1.24461,0.96538,0.33208,0.18557,0.07857,0,0,0,1.943621818537301
5.975,0.86402,0.79075,0.48574,0.11541,0.1809,0,1,0,1.9423323277074294
5.96,1.32376,0.74716,0.45492,0.17362,0.306,0,0,0,1.9401794743463283
5.948,1.25114,0.95446,0.26236,0.22823,0.02901,0,0,1,1.9384538483788585
5.89,0.68133,0.5392,0.57414,0.20536,0.088,0,1,0,1.9300710850255671
5.889,0.59448,0.61826,0.32818,0.20951,0.01615,0,0,1,1.9299259366110588
5.878,0.75985,0.66098,0.53899,0.3424,0.08242,0,1,0,1.9283279120100745
5.855,1.12254,0.64368,0.51649,0.11827,0.08454,0,0,0,1.9249783130142777
5.848,1.18498,0.87337,0.60855,0.25328,0.03787,0,0,1,1.923956638839441
5.833,1.14723,0.73128,0.21342,0.02641,0.01031,0,0,1,1.9217638157986412
5.828,0.59325,0.74314,0.55475,0.27815,0.19317,0,1,0,1.9210318049321942
5.824,0.90019,0.73017,0.41496,0.14982,0.05989,0,1,0,1.920445810189378
5.813,1.03192,0.73608,0.37938,0.11046,0.1909,0,0,1,1.918832551791531
5.791,1.12555,0.77903,0.53122,0.16759,0.04212,0,0,1,1.9155982061316543
5.77,1.12486,0.72394,0.53024,0.33075,0.10501,0,0,0,1.9125010869241836
5.759,1.08254,0.78805,0.25883,0.05444,0.0243,0,0,1,1.9108749501182172
5.754,1.13145,0.7038,0.41668,0.18295,0.11023,1,0,0,1.9101349219633759
5.716,1.13764,0.66926,0.36679,0.00199,0.03005,0,0,1,1.9044927392152944
5.709,0.81038,0.68741,0.50442,0.2123,0.02299,0,1,0,1.903449908580751
5.695,1.20806,0.92356,0.49027,0.26169,0.1428,0,0,0,1.9013609791431358
5.689,1.20813,0.92356,0.40672,0.30638,0.06146,0,0,0,1.900464386136271
5.605,0.93929,0.61766,0.28579,0.07822,0.17383,1,0,0,1.8878269379742887
5.589,0.80148,0.63132,0.24749,0.2831,0.04741,0,0,1,1.8854015919316829
5.548,0.95847,0.53886,0.4761,0.16979,0.30844,0,0,0,1.8791596595088884
5.477,1.00761,0.7095,0.56066,0.37744,0.07521,1,0,0,1.86825744020078
5.474,1.38604,1.01328,0.59608,0.39478,0.37124,0,0,0,1.8677941555040527
5.429,1.15174,0.77361,0.44888,0.0868,0.15184,0,0,1,1.8608190051595497
5.399,0.82827,0.63793,0.46611,0.51535,0.0,0,0,0,1.8561417281573231
5.36,0.63216,0.74676,0.59444,0.1686,0.10441,0,0,0,1.8500283773520307
5.332,1.06098,0.73172,0.22815,0.12253,0.15746,0,0,0,1.8456161420187658
5.286,0.47428,0.65088,0.43477,0.3003,0.04232,0,0,0,1.8383249383753757
5.268,0.65435,0.16007,0.34334,0.27233,0.0403,1,0,0,1.8354573244937744
5.253,0.77042,0.57407,0.53206,0.47998,0.15445,0,0,0,1.833061348585161
5.212,1.02389,0.64045,0.3703,0.07799,0.16065,0,0,0,1.8264829052864406
5.194,0.59543,0.51466,0.12102,0.33671,0.10464,0,0,0,1.8235810815510112
5.192,0.90198,0.69639,0.40661,0.11053,0.14293,0,0,0,1.823258136287426
5.192,0.97438,0.72521,0.1826,0.1614,0.14296,0,0,1,1.823258136287426
5.14,0.89012,0.81658,0.51697,0.08185,0.02781,0,0,0,1.814824742159051
5.129,0.47038,0.29924,0.48827,0.19591,0.12468,1,0,0,1.8130316045035946
5.124,1.04345,0.7689,0.35068,0.13748,0.00649,0,0,1,1.8122154777954373
5.123,0.92053,0.74836,0.20107,0.19231,0.02617,0,0,1,1.8120521724958174
5.102,1.15991,0.87519,0.51469,0.13719,0.01078,0,0,1,1.808616586294478
5.098,1.11312,0.72437,0.29671,0.18226,0.06332,0,0,1,1.807960848566063
5.073,0.70532,0.58114,0.62545,0.24991,0.12279,0,0,0,1.8038527169154384
5.057,0.18847,0.43873,0.46582,0.50318,0.39928,1,0,0,1.8012146279988102
5.013,0.73479,0.60954,0.41691,0.07172,0.08546,1,0,0,1.7939237920574316
5.007,0.91851,0.73545,0.33457,0.22359,0.05327,0,0,1,1.7929254558680243
4.971,0.08308,0.09131,0.34037,0.22269,0.15603,1,0,0,1.7869144175648555
4.959,0.87867,0.81325,0.35733,0.14272,0.06413,0,0,1,1.7849026817648417
4.949,0.83223,0.79081,0.09245,0.24808,0.00227,0,0,1,1.7832231382057686
4.898,0.37545,0.07612,0.31767,0.16388,0.12504,1,0,0,1.7746133103930846
4.885,0.89537,0.66825,0.57672,0.21684,0.14234,0,1,0,1.7724067407122401
4.876,0.59066,0.54909,0.59591,0.42192,0.24249,0,0,0,1.7708762583116309
4.874,0.82819,0.60268,0.43626,0.3323,0.02666,0,0,0,1.7705358327764282
4.867,0.71206,0.07566,0.30658,0.18259,0.0306,1,0,0,1.769343429943723
4.857,1.15406,0.88213,0.07699,0.0,0.01397,0,0,1,1.7676375271076452
4.839,1.02564,0.83947,0.33916,0.21854,0.04582,0,0,0,1.7645595493014006
4.8,1.12094,0.75905,0.32112,0.128,0.02758,0,0,1,1.7578579175523736
4.788,0.59532,0.6951,0.40148,0.23027,0.06825,0,1,0,1.7557868087692374
4.786,0.39047,0.57379,0.47216,0.22974,0.15072,0,0,0,1.7554412065539433
4.739,0.88113,0.73793,0.26268,0.06431,0.06358,1,0,0,1.7472849791262255
4.715,0.59867,0.66015,0.24499,0.11251,0.12905,0,0,0,1.743094297246774
4.694,0.39753,0.60164,0.4082,0.21222,0.12569,0,0,0,1.7394129888558458
4.686,1.0088,0.69805,0.30033,0.38086,0.05863,0,0,0,1.738007013228808
4.681,0.79907,0.6739,0.25123,0.15275,0.02961,0,0,1,1.7371272735749899
4.677,0.98549,0.60237,0.0,0.17922,0.13788,0,0,0,1.7364229241885891
4.642,0.92049,0.27688,0.33207,0.11973,0.08884,1,0,0,1.7302386125798046
4.633,0.54558,0.40132,0.42342,0.23087,0.04355,1,0,0,1.728642159912577
4.61,0.271,0.33475,0.25861,0.18987,0.08079,1,0,0,1.724550719534605
4.571,0.0712,0.34201,0.28531,0.24362,0.06232,1,0,0,1.7175745710386785
4.565,0.64499,0.51529,0.39786,0.26475,0.08492,0,0,0,1.7164969847275082
4.55,0.52107,0.36878,0.10081,0.19062,0.1466,1,0,0,1.713797927758343
4.518,0.26673,0.38847,0.24425,0.46187,0.17175,0,1,0,1.7080154757950943
4.517,0.0,0.09806,0.22605,0.24834,0.07625,1,0,0,1.707834234290294
4.514,0.35997,0.56874,0.38282,0.32296,0.05907,0,0,0,1.707290312601605
4.512,0.19073,0.44055,0.4345,0.24325,0.15048,1,0,0,1.7069275337113574
4.507,0.33024,0.0,0.4084,0.21488,0.08786,1,0,0,1.7060200102803444
4.436,0.45407,0.35874,0.24232,0.219,0.17461,1,0,0,1.6930434962888974
4.419,0.36471,0.41435,0.42215,0.37542,0.05839,1,0,0,1.689911296583977
4.369,0.44025,0.36291,0.46074,0.18093,0.28105,1,0,0,1.6806416714404324
4.35,0.76821,0.7299,0.19847,0.07855,0.039,0,0,0,1.6770965609079151
4.332,0.99355,0.04776,0.49495,0.10461,0.12474,1,0,0,1.6737264023164622
4.307,0.27108,0.48246,0.44017,0.79588,0.19034,0,0,0,1.669026703845758
4.297,0.7419,0.72926,0.40577,0.05547,0.38331,0,0,0,1.6671406225623895
4.292,0.01604,0.22562,0.43054,0.33128,0.06977,1,0,0,1.6661962462527091
4.271,0.83524,0.70806,0.53726,0.40828,0.09179,0,0,0,1.6622200978730697
4.252,0.4225,0.23402,0.49309,0.20618,0.05786,1,0,0,1.6586089564405497
4.218,1.01216,0.76649,0.30587,0.11921,0.00872,0,0,1,1.6521141867145368
4.194,0.8818,0.61712,0.17288,0.11291,0.06324,1,0,0,1.6475041132405566
4.077,0.54649,0.40064,0.35571,0.09131,0.07854,0,0,0,1.6247205359652572
4.033,0.75778,0.16683,0.10384,0.12344,0.07122,1,0,0,1.616016227794223
3.995,0.26074,0.20583,0.38857,0.18798,0.12352,1,0,0,1.608437412100517
3.989,0.67866,0.31051,0.41466,0.12388,0.11686,1,0,0,1.6072354888789002
3.956,0.23906,0.36315,0.22917,0.17441,0.199,1,0,0,1.600598963766896
3.931,0.21102,0.33861,0.45727,0.29066,0.07267,1,0,0,1.5955418072419891
3.904,0.36498,0.4354,0.36772,0.20843,0.10713,1,0,0,1.5900511986339103
3.896,1.06024,0.43372,0.31914,0.06822,0.11091,1,0,0,1.588418545210025
3.845,0.0694,0.29707,0.47692,0.19387,0.15639,1,0,0,1.5779472453427297
3.819,0.46038,0.61114,0.66246,0.40359,0.07247,0,0,0,1.5725664376581956
3.781,0.2852,0.38215,0.32878,0.34377,0.05747,1,0,0,1.5646497296439663
3.681,0.20824,0.46721,0.19184,0.21333,0.08124,1,0,0,1.5435117623179335
3.678,0.0785,0.06699,0.48879,0.23835,0.08289,1,0,0,1.5428706681619873
3.667,0.34193,0.1501,0.23501,0.18386,0.05269,1,0,0,1.5405164669676785
3.656,0.17417,0.24009,0.37725,0.28657,0.12139,1,0,0,1.5381567104291367
3.655,0.46534,0.15185,0.46866,0.20165,0.17922,1,0,0,1.5379419107290304
3.587,0.25812,0.27125,0.39493,0.21747,0.12832,1,0,0,1.523226215615035
3.575,0.31982,0.30335,0.23414,0.3651,0.09719,0,0,0,1.5206066987274847
3.465,0.22208,0.42864,0.59201,0.22628,0.55191,1,0,0,1.4962692143284624
3.34,0.28665,0.3191,0.4845,0.1826,0.0801,1,0,0,1.4678743481123135
3.006,0.6632,0.72193,0.15684,0.47179,0.18906,0,0,0,1.3877932372436264
2.905,0.0153,0.22396,0.1185,0.19727,0.10062,1,0,0,1.3622577832916491
2.839,0.20868,0.28443,0.36453,0.16681,0.10731,1,0,0,1.3452119160186606
7.526,1.44178,0.79504,0.57941,0.36171,0.44453,0,0,1,2.1431203183430187
7.509,1.52733,0.86303,0.58557,0.28083,0.41203,0,0,1,2.14112442686742
7.501,1.42666,0.86733,0.56624,0.47678,0.14975,0,0,1,2.140183803635222
7.498,1.57744,0.79579,0.59609,0.37895,0.35776,0,0,1,2.13983084169262
7.413,1.40598,0.81091,0.57104,0.25492,0.41004,0,0,1,2.1297781285686765
7.404,1.44015,0.8276,0.5737,0.44834,0.31329,0,1,0,2.128707782982754
7.339,1.46468,0.81231,0.55211,0.47416,0.29927,0,0,1,2.1209433051048485
7.334,1.36066,0.83096,0.58147,0.49401,0.41904,0,0,0,2.120343533000262
7.313,1.44443,0.8512,0.56837,0.47407,0.32331,0,0,0,2.117820554548951
7.291,1.45181,0.83121,0.58218,0.38254,0.40867,0,0,1,2.1151705891340815
7.267,1.33766,0.84917,0.36432,0.32288,0.08728,0,0,0,2.1122716862705384
7.119,1.45038,0.80565,0.54355,0.32865,0.21348,0,0,1,2.0942069938803094
7.104,1.50796,0.779,0.48163,0.41077,0.14868,0,1,0,2.092357766946382
7.087,1.06879,0.76146,0.55225,0.22553,0.10547,0,1,0,2.090257834113685
7.039,1.35943,0.77758,0.46823,0.22202,0.12275,0,1,0,2.0843046973458237
6.994,1.44787,0.81487,0.53466,0.30452,0.28551,0,0,1,2.0786912602891316
6.952,1.08754,0.61415,0.40425,0.15776,0.14166,0,1,0,2.073423469354273
6.929,1.42539,0.81959,0.51354,0.2424,0.26248,0,0,1,2.0705269242902617
6.907,1.48341,0.81455,0.54008,0.44963,0.29754,0,0,1,2.06774844308879
6.871,1.69752,0.84542,0.5487,0.27571,0.35329,0,0,1,2.063185119160313
6.778,1.11508,0.71143,0.37709,0.11735,0.18355,0,1,0,2.0512992357335555
6.739,1.64555,0.94719,0.4877,0.32706,0.46987,0,0,0,2.046272480288322
6.725,1.40283,0.80991,0.50036,0.50156,0.27399,0,0,1,2.044461822783809
6.705,1.2167,0.81883,0.37789,0.31595,0.11451,0,1,0,2.041869468772079
6.701,1.18306,0.70835,0.48927,0.2418,0.08423,0,1,0,2.041350190557113
6.65,1.15137,0.69711,0.42284,0.10989,0.07296,0,1,0,2.0347056478384444
6.596,1.30915,0.76376,0.41418,0.09929,0.03986,0,0,1,2.0276217929500393
6.573,1.57352,0.72993,0.56215,0.26591,0.35561,0,0,0,2.0245892901316855
6.545,1.18157,0.72183,0.54388,0.18056,0.21394,0,1,0,2.020885092219812
6.488,1.30782,0.80315,0.54994,0.56237,0.17554,0,0,1,2.013301739175291
6.481,1.03032,0.59659,0.44735,0.15626,0.05399,0,1,0,2.012366472890268
6.478,1.39488,0.83795,0.46562,0.1216,0.17808,0,0,1,2.011965376554922
6.474,1.0893,0.64915,0.49553,0.58696,0.02833,0,0,0,2.011430331063292
6.379,1.48953,0.59267,0.37904,0.15457,0.30008,0,0,0,1.9986381280762295
6.379,1.39729,0.79565,0.32377,0.25495,0.0663,0,0,0,1.9986381280762295
6.375,1.82427,0.71723,0.56679,0.32388,0.48049,0,0,0,1.9980959022258835
6.361,1.34253,0.87896,0.37545,0.17665,0.06137,0,0,1,1.9961957930765688
6.355,1.05266,0.61804,0.21006,0.07044,0.16157,1,0,0,1.995380354053401
6.324,0.83454,0.54039,0.50379,0.28808,0.08701,0,1,0,1.9911566268122642
6.269,1.09686,0.50933,0.52234,0.16665,0.12692,0,1,0,1.9836187305024984
6.239,1.61714,0.63569,0.43166,0.15965,0.23669,0,0,0,1.9794830753110044
6.218,1.44024,0.65696,0.47375,0.17147,0.25772,0,0,0,1.9765779062205968
6.168,1.32572,0.52608,0.48453,0.31935,0.01241,0,1,0,1.9696266756726293
6.084,1.13367,0.61904,0.19847,0.0425,0.08304,0,1,0,1.9578387199205871
6.078,1.27973,0.70367,0.23391,0.13837,0.02947,0,0,1,1.9569913819232716
6.068,0.8737,0.596,0.37269,0.08877,0.10613,0,1,0,1.9555775544574499
6.005,1.25142,0.62366,0.39031,0.41474,0.09081,0,0,0,1.9466241797889703
5.992,0.69384,0.65213,0.46582,0.29773,0.16292,0,1,0,1.9447666383532343
5.987,0.73591,0.50163,0.60848,0.34326,0.28333,0,0,0,1.9440512795703135
5.977,1.35495,0.85102,0.18827,0.16684,0.02556,0,0,1,1.9426190249570996
5.976,0.97306,0.68613,0.4027,0.10074,0.18037,0,1,0,1.9424756866066786
5.956,0.87616,0.45569,0.51231,0.23684,0.10771,0,1,0,1.9396045964920368
5.921,1.38007,0.91491,0.46761,0.10224,0.18985,0,0,0,1.9345602678597262
5.919,1.22943,0.57386,0.4052,0.15011,0.11132,0,0,0,1.934271250516674
5.897,0.69177,0.52309,0.25202,0.19997,0.01903,0,0,1,1.9310865344491543
5.856,1.23228,0.58991,0.32682,0.02736,0.03586,0,0,1,1.9251241812954787
5.835,1.24585,0.69058,0.4519,0.14443,0.055,0,0,1,1.9220564701759129
5.835,1.35948,0.88645,0.25168,0.18824,0.07716,0,0,0,1.9220564701759129
5.822,0.79422,0.4697,0.50961,0.21698,0.07746,0,1,0,1.920152683996454
5.813,1.2692,0.64674,0.18929,0.02025,0.0182,0,0,1,1.918832551791531
5.802,1.13062,0.63104,0.29091,0.13942,0.17457,0,0,1,1.9172166865850038
5.771,1.31141,0.84142,0.43596,0.26322,0.16578,0,0,0,1.9126487865035082
5.768,1.29947,0.79151,0.53164,0.25738,0.03635,0,0,1,1.912205622303922
5.743,0.99602,0.62994,0.37502,0.14527,0.05292,0,1,0,1.908504929752445
5.658,1.08017,0.44006,0.37408,0.22567,0.28467,0,0,0,1.8958191391528332
5.648,1.14372,0.66189,0.46145,0.36951,0.05203,1,0,0,1.894316057553147
5.615,1.06688,0.52304,0.40672,0.17087,0.10339,1,0,0,1.889339797566919
5.56,1.21788,0.63952,0.27996,0.17445,0.0889,0,0,1,1.8809906029559977
5.546,1.31857,0.8488,0.29507,0.27906,0.05228,0,0,0,1.8788541760789887
5.538,0.89373,0.58295,0.46235,0.25296,0.07396,0,1,0,1.8776313083020189
5.528,1.1697,0.67602,0.36712,0.12889,0.00679,0,0,1,1.8761006176618058
5.517,1.27964,0.68098,0.41511,0.08423,0.18519,0,0,1,1.8744141473502434
5.51,0.89333,0.59469,0.43597,0.22245,0.04294,0,1,0,1.873339456220478
5.488,1.18649,0.70524,0.23907,0.18434,0.04002,0,0,1,1.8699543168131119
5.458,1.5107,0.95277,0.48079,0.40097,0.31647,0,0,0,1.8653196723360834
5.44,0.0,0.11466,0.56778,0.27225,0.3118,1,0,0,1.8625285401162623
5.401,0.90145,0.54,0.14396,0.27992,0.06547,0,0,1,1.8564542281598664
5.389,1.16492,0.64718,0.23889,0.04707,0.12348,0,0,0,1.8545777616202064
5.314,0.95104,0.49374,0.39237,0.56521,0.00322,0,0,0,1.8427693901358
5.303,0.99673,0.60712,0.36023,0.14262,0.13297,0,0,0,1.841025710530973
5.291,1.12373,0.54504,0.35327,0.0564,0.17914,0,0,0,1.8391200405878927
5.279,0.81217,0.47036,0.54854,0.21674,0.11757,0,0,0,1.8372107321319724
5.245,1.0278,0.73561,0.44012,0.04959,0.02745,0,0,0,1.831781143577541
5.196,0.8527,0.49759,0.46074,0.48546,0.1616,0,0,0,1.823903922554622
5.185,0.56044,0.55449,0.40212,0.38432,0.04762,0,0,0,1.8221270058444512
5.177,1.03437,0.6458,0.15718,0.20737,0.04339,0,0,1,1.820832716713762
5.163,0.93383,0.70766,0.09511,0.29889,0.0,0,0,1,1.8185636719801062
5.161,1.07838,0.63533,0.15111,0.17191,0.12721,0,0,1,1.8182391020324336
5.155,1.02787,0.57669,0.52259,0.21286,0.12372,0,1,0,1.8172647596364169
5.151,0.84058,0.59471,0.25646,0.04053,0.08404,1,0,0,1.8166146702262311
5.145,1.24142,0.67608,0.1977,0.099,0.04472,0,0,1,1.815638743017998
5.132,0.68816,0.40306,0.14622,0.31185,0.1388,0,0,0,1.8135209610095675
5.129,1.12268,0.76171,0.26228,0.23693,0.03061,0,0,0,1.8130316045035946
5.123,1.27607,0.79363,0.44727,0.11691,0.01521,0,0,1,1.8120521724958174
5.121,1.0193,0.64738,0.27668,0.23507,0.07047,0,0,1,1.8117254818689328
5.061,0.74037,0.66157,0.55954,0.25075,0.11556,0,0,0,1.801874802969148
5.057,0.25558,0.33108,0.3913,0.51479,0.36794,1,0,0,1.8012146279988102
5.045,0.97724,0.59577,0.23553,0.03936,0.0817,1,0,0,1.799231484066756
5.033,1.24886,0.80029,0.05822,0.0,0.04127,0,0,1,1.7972443994586247
4.996,0.48835,0.53119,0.43408,0.25998,0.13509,0,0,0,1.7910925802403512
4.907,0.98853,0.55469,0.35972,0.34539,0.03285,0,0,0,1.7761380883250981
4.876,0.68042,0.38291,0.52168,0.43079,0.22423,0,0,0,1.7708762583116309
4.875,0.75216,0.05108,0.27854,0.23219,0.0305,1,0,0,1.7707060600302227
4.871,0.69429,0.58383,0.26755,0.2044,0.06906,0,1,0,1.7700249770820489
4.813,1.11758,0.64232,0.22544,0.38538,0.0557,0,0,0,1.7600967887192134
4.795,0.61202,0.23573,0.42662,0.17866,0.11479,1,0,0,1.756995476791715
4.793,0.44626,0.50073,0.37012,0.3816,0.07008,0,0,0,1.756650292114487
4.754,0.67024,0.56844,0.17744,0.11154,0.10613,0,0,0,1.7498952651293562
4.655,0.9553,0.73007,0.31866,0.1684,0.05301,0,0,1,1.7325401095680837
4.643,0.54177,0.52989,0.39778,0.19132,0.12583,0,0,0,1.730415838987003
4.635,0.36485,0.0,0.30685,0.23897,0.08196,1,0,0,1.7289971474917396
4.575,1.07474,0.51076,0.24856,0.19589,0.13636,0,0,0,1.7182923173461826
4.574,0.93287,0.34745,0.48614,0.07795,0.10398,1,0,0,1.7181129290597563
4.513,0.52497,0.12698,0.42736,0.2268,0.06126,1,0,0,1.7071089396075465
4.508,0.29283,0.34578,0.36703,0.29522,0.1717,1,0,0,1.7062015808664084
4.459,1.02416,0.18611,0.42483,0.13656,0.08415,1,0,0,1.6972656227996206
4.415,0.97318,0.62007,0.50817,0.46978,0.07964,0,0,0,1.689172880452954
4.404,0.74036,0.45091,0.40285,0.25028,0.08722,0,0,0,1.6871394200979524
4.395,0.34112,0.3988,0.42692,0.81971,0.20243,0,0,0,1.6854725987100978
4.362,0.95395,0.52116,0.18847,0.12706,0.10393,1,0,0,1.6793370398137677
4.36,0.86086,0.64083,0.14037,0.07793,0.03616,0,0,0,1.6789639750827106
4.356,0.52267,0.30147,0.40576,0.41328,0.06686,1,0,0,1.6782174278289261
4.324,0.87287,0.58628,0.12859,0.20363,0.01829,0,0,1,1.672224900532865
4.276,0.63107,0.29681,0.40973,0.21203,0.0326,1,0,0,1.663168234855068
4.272,0.05661,0.188,0.15602,0.25458,0.06075,1,0,0,1.662409797200206
4.252,0.83792,0.64035,0.32461,0.06786,0.3188,0,0,0,1.6586089564405497
4.236,0.77109,0.28212,0.37938,0.12077,0.09753,1,0,0,1.6555578480476534
4.219,0.44314,0.40457,0.31056,0.19103,0.11681,1,0,0,1.6523058126612762
4.217,1.11306,0.67806,0.21219,0.12793,0.00615,0,0,1,1.6519225240402555
4.201,0.61391,0.28639,0.1268,0.22686,0.17955,1,0,0,1.6488509147909354
4.193,0.35041,0.1595,0.25429,0.18503,0.08582,1,0,0,1.6473115648621819
4.156,0.08709,0.29364,0.4143,0.30968,0.07564,1,0,0,1.640161085076941
4.139,0.63069,0.29759,0.0,0.18077,0.10039,1,0,0,1.6368585080100926
4.121,1.15851,0.3494,0.28098,0.06244,0.09314,1,0,0,1.6333497324804134
4.073,0.31292,0.16347,0.27544,0.21064,0.13647,1,0,0,1.623932358584553
4.028,0.34097,0.27494,0.12072,0.47958,0.14476,0,1,0,1.615022290728001
3.974,1.09426,0.34752,0.44089,0.12425,0.10769,1,0,0,1.604224345381213
3.956,0.27509,0.29981,0.15412,0.1827,0.18437,1,0,0,1.600598963766896
3.916,0.55507,0.04476,0.40663,0.20338,0.1553,1,0,0,1.5924951917037884
3.907,0.55604,0.42494,0.58852,0.40339,0.08092,0,0,0,1.5906627571077663
3.866,0.84731,0.04991,0.00589,0.12071,0.08434,1,0,0,1.5822722443613308
3.856,0.1327,0.26162,0.38041,0.2097,0.17176,1,0,0,1.580215053757197
3.832,0.39394,0.15781,0.19662,0.25899,0.13015,1,0,0,1.5752604606325138
3.763,0.42214,0.03824,0.12807,0.18667,0.04952,1,0,0,1.5608777218187233
3.739,0.31995,0.21297,0.3337,0.24353,0.12533,1,0,0,1.5558261429854512
3.739,0.34719,0.19625,0.43653,0.27102,0.06442,1,0,0,1.5558261429854512
3.724,0.57939,0.31048,0.2287,0.09821,0.05892,0,0,0,1.552655898335116
3.695,0.27954,0.37109,0.13684,0.2204,0.07506,1,0,0,1.5464981126602262
3.666,0.47155,0.357,0.3176,0.31472,0.05099,1,0,0,1.5403021735992382
3.622,0.10706,0.23165,0.25748,0.24063,0.04852,1,0,0,1.530827511852189
3.607,0.22415,0.18829,0.30953,0.29914,0.1192,1,0,0,1.52757688595378
3.515,0.32846,0.31865,0.5432,0.23552,0.50521,1,0,0,1.5074051868689489
3.484,0.39499,0.21028,0.39747,0.2018,0.06681,1,0,0,1.5005155052099135
3.36,0.38227,0.17344,0.1643,0.31268,0.07112,0,0,0,1.4724720573609429
3.303,0.28123,0.24811,0.34678,0.17517,0.11587,1,0,0,1.4593124538564626
3.069,0.74719,0.62994,0.06912,0.48397,0.17233,0,0,0,1.4033972690195529
2.905,0.06831,0.15747,0.0432,0.2029,0.09419,1,0,0,1.3622577832916491
7.53700017929077,1.61646318435669,0.796666502952576,0.635422587394714,0.36201223731041,0.315963834524155,0,0,1,2.144409679029782
7.52199983596802,1.48238301277161,0.792565524578094,0.626006722450256,0.355280488729477,0.40077006816864,0,0,1,2.1426510358296587
7.50400018692017,1.480633020401,0.833552122116089,0.627162635326385,0.475540220737457,0.153526559472084,0,0,1,2.140536663019911
7.49399995803833,1.56497955322266,0.858131289482117,0.620070576667786,0.290549278259277,0.367007285356522,0,0,1,2.139360026950925
7.4689998626709,1.44357192516327,0.80915766954422,0.617950856685638,0.24548277258873,0.38261154294014,0,0,1,2.1364124217239584
7.3769998550415,1.50394463539124,0.810696125030518,0.585384488105774,0.470489829778671,0.282661825418472,0,0,1,2.125489837867327
7.31599998474121,1.47920441627502,0.83455765247345,0.611100912094116,0.435539722442627,0.287371516227722,0,1,0,2.118181368160895
7.31400012969971,1.40570604801178,0.816759705543518,0.614062130451202,0.500005125999451,0.382816702127457,0,0,0,2.1179408564306033
7.28399991989136,1.49438726902008,0.830875158309937,0.612924098968506,0.385399252176285,0.384398728609085,0,0,1,2.1143259338630527
7.28399991989136,1.484414935112,0.84388679265976,0.601607382297516,0.477699249982834,0.301183730363846,0,0,0,2.1143259338630527
7.21299982070923,1.37538242340088,0.83840399980545,0.405988603830338,0.330082654953003,0.0852421000599861,0,0,0,2.1057182429279355
7.0789999961853,1.10970628261566,0.759509265422821,0.580131649971008,0.214613229036331,0.100106589496136,0,1,0,2.0892681020253967
7.00600004196167,1.48709726333618,0.815328419208527,0.567766189575195,0.316472321748734,0.221060365438461,0,0,1,2.0801912658116595
6.99300003051758,1.54625928401947,0.77428662776947,0.505740523338318,0.392578780651093,0.135638788342476,0,1,0,2.0785661624619203
6.97700023651123,1.53570663928986,0.80978262424469,0.573110342025757,0.42785832285881,0.29838815331459,0,0,1,2.076562430578137
6.95100021362305,1.48792338371277,0.798950731754303,0.562511384487152,0.336269170045853,0.276731938123703,0,0,1,2.0732977337867906
6.89099979400635,1.46378076076508,0.818091869354248,0.539770722389221,0.231503337621689,0.251343131065369,0,0,1,2.0657228434340125
6.86299991607666,1.74194359779358,0.845089495182037,0.59662789106369,0.283180981874466,0.31883442401886,0,0,1,2.062168202336183
6.71400022506714,1.44163393974304,0.805335938930511,0.508190035820007,0.492774158716202,0.265428066253662,0,0,1,2.043036888962486
6.65199995040894,1.25278460979462,0.819479703903198,0.376895278692245,0.326662421226501,0.0822879821062088,0,1,0,2.034967045097209
6.64799976348877,1.62634336948395,0.726798236370087,0.60834527015686,0.3609419465065,0.324489563703537,0,0,0,2.0344441448245143
6.63500022888184,1.10735321044922,0.616552352905273,0.437453746795654,0.16234989464283,0.111092761158943,0,1,0,2.0327429686485705
6.60900020599365,1.35268235206604,0.754444003105164,0.490946173667908,0.0881067588925362,0.0368729270994663,0,0,1,2.0293317842667538
6.59899997711182,1.18529546260834,0.695137083530426,0.494519203901291,0.109457060694695,0.059739887714386,0,1,0,2.028016656675649
6.57800006866455,1.15318381786346,0.709978997707367,0.412730008363724,0.120990432798862,0.132774114608765,0,1,0,2.0252493216574474
6.57200002670288,1.69227766990662,0.949492394924164,0.549840569496155,0.345965981483459,0.46430778503418,0,0,0,2.0244572368736056
6.52699995040894,1.34327983856201,0.821944236755371,0.588767051696777,0.574730575084686,0.153066068887711,0,0,1,2.018496549463972
6.4539999961853,1.21755969524384,0.719216823577881,0.57939225435257,0.175096929073334,0.178061872720718,0,1,0,2.008750800545301
6.4539999961853,0.872001945972443,0.540239989757538,0.531310617923737,0.283488392829895,0.0772232785820961,0,1,0,2.008750800545301
6.4520001411438,1.23374843597412,0.706156134605408,0.550026834011078,0.21055693924427,0.070983923971653,0,1,0,2.008482471679734
6.44199991226196,1.43092346191406,0.844465851783752,0.470222115516663,0.129762306809425,0.172502428293228,0,0,1,2.0071396181348526
6.42399978637695,1.12786877155304,0.647239029407501,0.580200731754303,0.572123110294342,0.0316127352416515,0,0,0,2.0047179667092423
6.42199993133545,1.43362653255463,0.793984234333038,0.361466586589813,0.258360475301743,0.0638292357325554,0,0,0,2.004448553386917
6.40299987792969,1.38439786434174,0.888960599899292,0.408781230449677,0.190133571624756,0.0709140971302986,0,0,1,2.001885306971658
6.375,1.87076568603516,0.710098087787628,0.604130983352661,0.330473870038986,0.439299255609512,0,0,0,1.9980959022258835
6.35699987411499,1.07062232494354,0.595027923583984,0.477487415075302,0.149014472961426,0.0466687418520451,0,1,0,1.9956522238392111
6.3439998626709,1.53062355518341,0.590148329734802,0.449750572443008,0.147616013884544,0.27343225479126,0,0,0,1.993883634618693
6.16800022125244,1.36135590076447,0.519983291625977,0.518630743026733,0.325296461582184,0.0089648161083459,0,1,0,1.9696267065393196
6.10500001907349,1.63295245170593,0.632105708122253,0.496337592601776,0.228289797902107,0.215159550309181,0,0,0,1.9607987642335805
6.09800004959106,1.32539355754852,0.712732911109924,0.295817464590073,0.136544480919838,0.0242108516395092,0,0,1,1.959813061210929
6.08699989318848,1.48841226100922,0.653133034706116,0.536746919155121,0.172668486833572,0.257042169570923,0,0,0,1.958262104756647
6.08400011062622,1.29121541976929,0.618784427642822,0.402264982461929,0.416608929634094,0.0656007081270218,0,0,0,1.9578387355369364
6.07100009918213,0.737299203872681,0.653095960617065,0.447551846504211,0.301674216985703,0.130687981843948,0,1,0,1.9560019266487094
6.00799989700317,1.00082039833069,0.685636222362518,0.4551981985569,0.150112465023994,0.140134647488594,0,1,0,1.947052338937054
6.00299978256226,0.909784495830536,0.596018552780151,0.432452529668808,0.0782579854130745,0.0899809598922729,0,1,0,1.9463385976241527
5.97300004959106,1.29178786277771,0.699475347995758,0.520342111587524,0.158465966582298,0.0593078061938286,0,0,1,1.9420455553507423
5.97100019454956,0.786441087722778,0.498272627592087,0.658248662948608,0.415983647108078,0.246528223156929,0,0,0,1.941758714412676
5.96400022506714,1.39506661891937,0.853144347667694,0.256450712680817,0.17278964817524,0.0280280914157629,0,0,1,1.940754054224601
5.96299982070923,1.28177809715271,0.547349333763123,0.373783111572266,0.0522638224065304,0.0329628810286522,0,0,1,1.94061039021134
5.95599985122681,0.907975316047668,0.450191766023636,0.547509372234344,0.240015640854836,0.0965810716152191,0,1,0,1.9396045751042863
5.92000007629395,1.41691517829895,0.913475871086121,0.505625545978546,0.12057276815176,0.163760736584663,0,0,0,1.9344157806547153
5.90199995040894,1.31458234786987,0.62894994020462,0.234231784939766,0.010164656676352,0.0118656428530812,0,0,1,1.9318112174907842
5.87200021743774,1.09186446666718,0.617584645748138,0.233335807919502,0.0694366469979286,0.146096110343933,1,0,0,1.9274552163230685
5.84999990463257,1.26074862480164,0.638566970825195,0.325707912445068,0.153074786067009,0.0738427266478539,0,0,1,1.9242486383518813
5.83799982070923,1.40167844295502,0.900214076042175,0.257921665906906,0.206674367189407,0.0632826685905457,0,0,0,1.9224952649973417
5.83799982070923,0.728870630264282,0.589465200901031,0.240729048848152,0.208779126405716,0.0100912861526012,0,0,1,1.9224952649973417
5.82499980926514,1.21768391132355,0.685158312320709,0.457003742456436,0.133519917726517,0.00438790069893,0,0,1,1.9205923131245235
5.82299995422363,0.833756566047668,0.473630249500275,0.558732926845551,0.22556072473526,0.0604777261614799,0,1,0,1.9202992511241601
5.82200002670288,1.13077676296234,0.437726080417633,0.41827192902565,0.24992498755455,0.259270340204239,0,0,0,1.9201526879106845
5.81899976730347,1.28455626964569,0.606041550636292,0.437454283237457,0.201964423060417,0.119282886385918,0,0,0,1.919712799413786
5.80999994277954,1.3469113111496,0.834647238254547,0.471203625202179,0.266845703125,0.155353352427483,0,0,0,1.918392111759004
5.75799989700317,1.3412059545517,0.790828227996826,0.572575807571411,0.242649093270302,0.0451289787888527,0,0,1,1.9107269730513716
5.71500015258789,1.03522527217865,0.630166113376617,0.450002878904343,0.126819714903831,0.0470490865409374,0,1,0,1.9043438526986392
5.62900018692017,1.18939554691315,0.638007462024689,0.491247326135635,0.360933750867844,0.0421815551817417,1,0,0,1.8914539914565944
5.62099981307983,1.35593807697296,0.84471470117569,0.355111539363861,0.271254301071167,0.0412379764020443,0,0,0,1.890246387711298
5.61100006103516,1.32087934017181,0.695168316364288,0.479131430387497,0.0988908112049103,0.183248922228813,0,0,1,1.8887349375838052
5.56899976730347,1.15655755996704,0.637714266777039,0.295400261878967,0.15513750910759,0.156313821673393,0,0,1,1.8823615784869026
5.52500009536743,1.10180306434631,0.520169019699097,0.465733230113983,0.152073666453362,0.0926102101802826,1,0,0,1.875640967824455
5.5,1.19827437400818,0.637605607509613,0.300740599632263,0.0466930419206619,0.0996715798974037,0,0,0,1.8718021769015913
5.49300003051758,0.932537317276001,0.579250693321228,0.473507791757584,0.224150657653809,0.091065913438797,0,1,0,1.8707246782264235
5.47200012207031,1.55167484283447,0.943062424659729,0.490968644618988,0.374465793371201,0.293933749198914,0,0,0,1.8674851986174867
5.42999982833862,0.85769921541214,0.468009054660797,0.585214674472809,0.193513423204422,0.0993318930268288,0,0,0,1.860974511552579
5.39499998092651,1.06931757926941,0.65078467130661,0.208715528249741,0.220125883817673,0.0409037806093693,0,0,1,1.8555164320482431
5.33599996566772,0.991012394428253,0.604590058326721,0.418421149253845,0.172170460224152,0.11980327218771,0,0,0,1.84624764909352
5.32399988174438,1.2860119342804,0.687763452529907,0.175863519310951,0.0784016624093056,0.0366369374096394,0,0,1,1.8443519006477282
5.31099987030029,0.925579309463501,0.641022384166718,0.474307239055634,0.233818337321281,0.0552677810192108,0,1,0,1.84229412205073
5.29300022125244,1.22255623340607,0.701288521289825,0.255772292613983,0.248002976179123,0.0431031100451946,0,0,1,1.8394379397032958
5.27899980545044,0.951484382152557,0.541452050209045,0.260287940502167,0.319931447505951,0.0574716180562973,0,0,1,1.837210701147809
5.27299976348877,1.08116579055786,0.741415500640869,0.472787708044052,0.0288068410009146,0.0227942746132612,0,0,0,1.836254671411556
5.26900005340576,0.72688353061676,0.402047783136368,0.23521526157856,0.315446019172668,0.124348066747189,0,0,0,1.8356168608108552
5.26200008392334,0.995538592338562,0.492345720529556,0.443323463201523,0.611704587936401,0.0153171354904771,0,0,0,1.8344996363062165
5.25,1.12843120098114,0.617144227027893,0.153997123241425,0.0650196298956871,0.0644911229610443,0,1,0,1.8325814637483102
5.23699998855591,1.12112903594971,0.667464673519135,0.194989055395126,0.197911024093628,0.0881741940975189,0,0,1,1.8304992957091146
5.2350001335144,0.878114581108093,0.59771066904068,0.408158332109451,0.0322099551558495,0.0877631828188896,1,0,0,1.8301786005456964
5.23400020599365,1.15360176563263,0.540775775909424,0.398155838251114,0.0452693402767181,0.180987507104874,0,0,0,1.8300182143887203
5.23000001907349,1.07937383651733,0.574873745441437,0.55258983373642,0.186967849731445,0.113945253193378,0,1,0,1.8293763358609172
5.22700023651123,1.28948748111725,0.810198903083801,0.0957312509417534,0.0,0.04328977689147,0,0,1,1.8288947138718832
5.22499990463257,1.07498753070831,0.735081076622009,0.288515985012054,0.264450758695602,0.037513829767704,0,0,0,1.8285734270307021
5.19500017166138,1.3151752948761,0.795843541622162,0.498465299606323,0.0951027125120163,0.0158694516867399,0,0,1,1.8237425427907712
5.18200016021729,0.982409417629242,0.705186307430267,0.204403176903725,0.328867495059967,0.0,0,0,1,1.8216418696266647
5.18100023269653,0.730573117733002,0.582569479942322,0.348079860210419,0.236188873648643,0.0733454525470734,0,1,0,1.821480108324204
5.17500019073486,1.06457793712616,0.644948184490204,0.325905978679657,0.25376096367836,0.0602777935564518,0,0,1,1.8205089134022767
5.15100002288818,0.0226431842893362,0.113989137113094,0.602126955986023,0.291631311178207,0.282410323619843,1,0,0,1.8166146739472815
5.07399988174438,0.788547575473785,0.652168989181519,0.571055591106415,0.234968051314354,0.0876332372426987,0,0,0,1.8040173471544065
5.07399988174438,0.783756256103516,0.0569157302379608,0.394952565431595,0.230947196483612,0.0261215660721064,1,0,0,1.8040173471544065
5.04099988937378,0.524713635444641,0.529235124588013,0.471566706895828,0.248997643589973,0.146377146244049,0,0,0,1.7985695428440365
5.01100015640259,0.885416388511658,0.495879292488098,0.501537680625916,0.474054545164108,0.173380389809608,0,0,0,1.7935911500764208
5.00400018692017,0.596220076084137,0.553457796573639,0.454943388700485,0.42858037352562,0.0394391790032387,0,0,0,1.7924259449038216
4.96199989318848,0.479820191860199,0.504130780696869,0.440305948257446,0.394096165895462,0.0729755461215973,0,0,0,1.7854059773404956
4.95499992370605,1.02723586559296,0.557783484458923,0.394143968820572,0.338464230298996,0.0329022891819477,0,0,0,1.784231189995517
4.8289999961853,1.05469870567322,0.187080070376396,0.479246735572815,0.139362379908562,0.0725094974040985,1,0,0,1.7628454584089779
4.80499982833862,1.00726580619812,0.613212049007416,0.289680689573288,0.0496933571994305,0.0867231488227844,1,0,0,1.7587195855785573
4.77500009536743,0.716249227523804,0.565666973590851,0.25471106171608,0.114173173904419,0.0892826020717621,0,0,0,1.7535382729216977
4.7350001335144,0.989701807498932,0.520187258720398,0.282110154628754,0.128631442785263,0.114381365478039,1,0,0,1.7465877738619615
4.71400022506714,1.1614590883255,0.708217680454254,0.289231717586517,0.113177694380283,0.0110515309497714,0,0,1,1.7429193431972994
4.70900011062622,0.36842092871666,0.0055647538974881,0.318697690963745,0.293040901422501,0.0710951760411263,1,0,0,1.7420438963596347
4.69500017166138,0.564305365085602,0.132892116904259,0.430388748645782,0.236298456788063,0.0513066314160824,1,0,0,1.7395886270416172
4.69199991226196,1.15687310695648,0.639333188533783,0.249322608113289,0.387242913246155,0.048761073499918,0,0,0,1.7390616648133332
4.64400005340576,0.996192753314972,0.731159746646881,0.381498634815216,0.201312944293022,0.0398642159998417,0,0,1,1.7305930434529628
4.60799980163574,0.586682975292206,0.533241033554077,0.478356659412384,0.172255352139473,0.123717859387398,0,0,0,1.72419411436063
4.57399988174438,0.964434325695038,0.33861181139946,0.520303547382355,0.0771337449550629,0.0931469723582268,1,0,0,1.7181129078441804
4.55299997329712,0.560479462146759,0.309988349676132,0.452763766050339,0.444860309362411,0.0646413192152977,1,0,0,1.7143383174507396
4.55000019073486,0.234305649995804,0.106654435396194,0.480791091918945,0.322228103876114,0.179436385631561,1,0,0,1.713797962124984
4.54500007629395,0.367110550403595,0.397522568702698,0.514492034912109,0.838075160980225,0.188816204667091,0,0,0,1.7128966345613834
4.53499984741211,0.479309022426605,0.409362852573395,0.377922266721725,0.183468893170357,0.115460447967052,1,0,0,1.7110915385927787
4.51399993896484,0.636406779289246,0.257835894823074,0.461603492498398,0.249580144882202,0.0782135501503944,1,0,0,1.7072903015324792
4.49700021743774,1.10271048545837,0.501180469989777,0.288555532693863,0.19963726401329,0.107215754687786,0,0,0,1.7042025284342328
4.46500015258789,1.1982102394104,0.356578588485718,0.312328577041626,0.0437853783369064,0.0760467872023582,1,0,0,1.6983641495494328
4.46000003814697,0.339233845472336,0.353409707546234,0.408842742443085,0.312650740146637,0.165455713868141,1,0,0,1.6974487967434382
4.44000005722046,1.00985014438629,0.625130832195282,0.561213254928589,0.490863561630249,0.0736539661884308,0,0,0,1.6937790713863181
4.37599992752075,0.900596737861633,0.637524425983429,0.198303267359734,0.0834880918264389,0.0266744215041399,0,0,0,1.681944589738845
4.31500005722046,0.792221248149872,0.455427616834641,0.469987004995346,0.231538489460945,0.0922268852591515,0,0,0,1.670533022559755
4.29199981689453,0.648457288742065,0.285349279642105,0.0960980430245399,0.201870024204254,0.136957004666328,1,0,0,1.6661962116522797
4.29099988937378,0.808964252471924,0.28995743393898,0.435025870800018,0.120852127671242,0.0796181336045265,1,0,0,1.6660072430136181
4.28599977493286,0.950612664222717,0.649546980857849,0.309410035610199,0.0540088154375553,0.251666635274887,0,0,0,1.6650617736041284
4.28000020980835,0.0921023488044739,0.191407024860382,0.235961347818375,0.246455833315849,0.0602413564920425,1,0,0,1.6639261374545993
4.19000005722046,0.476180493831635,0.169365674257278,0.306613743305206,0.183354198932648,0.104970246553421,1,0,0,1.6467337082029339
4.17999982833862,0.603048920631409,0.0486421696841717,0.447706192731857,0.201237469911575,0.130061775445938,1,0,0,1.6448050231321287
4.16800022125244,0.601765096187592,0.429783403873444,0.633375823497772,0.385922968387604,0.0681059509515762,0,0,0,1.6424858092923045
4.13899993896484,0.65951669216156,0.290920823812485,0.0149958552792668,0.182317450642586,0.089847519993782,1,0,0,1.636858496133237
4.11999988555908,0.667224824428558,0.295637726783752,0.423026293516159,0.256923943758011,0.0253363698720932,1,0,0,1.633154416699674
4.09600019454956,0.89465194940567,0.575903952121735,0.122974775731564,0.270061463117599,0.0230294708162546,0,0,1,1.6284559564467767
4.08099985122681,0.381430715322495,0.217632606625557,0.443185955286026,0.325766056776047,0.057069718837738,1,0,0,1.6255080633312973
4.03200006484985,0.3502277135849,0.215844258666039,0.324367851018906,0.250864684581757,0.120328105986118,1,0,0,1.6158175322856294
4.02799987792969,0.161925330758095,0.26850500702858,0.36365869641304,0.228673845529556,0.138572946190834,1,0,0,1.615022266449896
3.97000002861023,0.233442038297653,0.315089583396912,0.466914653778076,0.287170469760895,0.0727116540074348,1,0,0,1.6034198458651228
3.93600010871887,0.438012987375259,0.0411347150802612,0.16234202682972,0.216113850474358,0.0535818822681904,1,0,0,1.5965553086287894
3.875,0.375846534967422,0.196763753890991,0.336384207010269,0.189143493771553,0.0953753814101219,1,0,0,1.5841201044498106
3.80800008773804,0.521021246910095,0.0,0.390661299228668,0.157497271895409,0.119094640016556,1,0,0,1.5702812154812507
3.79500007629395,0.858428180217743,0.0498686656355858,0.0,0.097926490008831,0.0697203353047371,1,0,0,1.5675737242465484
3.79399991035461,0.401477217674255,0.180746778845787,0.106179520487785,0.311870932579041,0.0611578300595284,0,0,0,1.5673651173126952
3.76600003242493,1.12209415435791,0.341755509376526,0.505196332931519,0.0993484482169151,0.0985831990838051,1,0,0,1.5615073854799348
3.65700006484985,0.431085407733917,0.209930211305618,0.425962775945663,0.207948461174965,0.0609290152788162,1,0,0,1.5383714779254816
3.64400005340576,0.305808693170547,0.375223308801651,0.189196765422821,0.208732530474663,0.0672319754958153,1,0,0,1.5355760753355934
3.6029999256134,0.368610262870789,0.277321130037308,0.0303698573261499,0.489203780889511,0.0998721495270729,0,1,0,1.5267082486746437
3.59299993515015,0.591683447360992,0.310080915689468,0.249463722109795,0.104125209152699,0.0567674227058887,0,0,0,1.524533391224377
3.59100008010864,0.39724862575531,0.163486003875732,0.147062435746193,0.285670816898346,0.116793513298035,1,0,0,1.524097882716146
3.53299999237061,0.119041793048382,0.229918196797371,0.332881182432175,0.26654988527298,0.0389482490718365,1,0,0,1.5113839702756349
3.50699996948242,0.244549930095673,0.194129139184952,0.348587512969971,0.264815092086792,0.110937617719173,1,0,0,1.5056317369373597
3.49499988555908,0.305444717407227,0.247105568647385,0.38042613863945,0.196896150708199,0.0956650152802467,1,0,0,1.5029656424639792
3.47099995613098,0.368745893239975,0.326424807310104,0.581843852996826,0.252756029367447,0.455220013856888,1,0,0,1.4976120874399401
3.46199989318848,0.777153134346008,0.50053334236145,0.0815394446253777,0.493663728237152,0.151347130537033,0,0,0,1.4955970720723037
3.34899997711182,0.511135876178741,0.364509284496307,0.390017777681351,0.354256361722946,0.0660351067781448,1,0,0,1.4699459283526408
2.90499997138977,0.091622568666935,0.151610791683197,0.0599007532000542,0.204435184597969,0.0841479450464249,1,0,0,1.3622577759650858
2.69300007820129,0.0,0.0187726859003305,0.270842045545578,0.280876487493515,0.0565650761127472,1,0,0,1.3064391570459715
7.632,1.305,0.874,0.681,0.202,0.393,0,0,1,2.1554762279558335
7.594,1.456,0.861,0.686,0.286,0.34,0,0,1,2.1510642853528035
7.555,1.351,0.868,0.683,0.284,0.408,0,0,1,2.1465159073441566
7.495,1.343,0.914,0.677,0.353,0.138,0,0,1,2.1394777551238953
7.487,1.42,0.927,0.66,0.256,0.357,0,0,1,2.13853558098754
7.441,1.361,0.878,0.638,0.333,0.295,0,0,1,2.133100785001583
7.328,1.33,0.896,0.653,0.321,0.291,0,1,0,2.119623331312668
7.324,1.268,0.876,0.669,0.365,0.389,0,0,0,2.119142908531388
7.314,1.355,0.913,0.659,0.285,0.383,0,0,1,2.1179408408304456
7.272,1.34,0.91,0.647,0.361,0.302,0,0,0,2.1128763177660734
7.19,1.244,0.888,0.464,0.262,0.082,0,0,1,2.102913897864978
7.139,1.341,0.891,0.617,0.242,0.224,0,0,1,2.0966673223449046
7.072,1.01,0.817,0.632,0.143,0.101,0,1,0,2.088401283051308
6.977,1.448,0.876,0.614,0.307,0.306,0,0,1,2.0765624009289927
6.965,1.34,0.861,0.586,0.273,0.28,0,0,1,2.0750569433620116
6.927,1.324,0.894,0.583,0.188,0.24,0,0,1,2.070274653855019
6.91,1.576,0.896,0.632,0.196,0.321,0,0,1,2.0681277817795625
6.886,1.398,0.819,0.547,0.291,0.133,0,1,0,2.0650890354554354
6.814,1.301,0.883,0.533,0.354,0.272,0,0,0,2.0559169966328787
6.711,1.233,0.854,0.543,0.064,0.034,0,0,1,2.0426478808508235
6.627,1.27,0.884,0.645,0.376,0.142,0,0,1,2.0316945831821016
6.489,1.293,0.908,0.52,0.098,0.176,0,0,1,2.01343527726723
6.488,1.038,0.761,0.479,0.069,0.095,0,1,0,2.013301739175291
6.476,1.131,0.808,0.431,0.197,0.061,0,1,0,2.011697889593316
6.441,1.365,0.857,0.418,0.151,0.078,0,0,0,2.007005248415124
6.43,1.112,0.759,0.597,0.125,0.063,0,1,0,2.005525858729668
6.419,0.986,0.675,0.493,0.11,0.088,0,1,0,2.004044277207389
6.388,1.073,0.744,0.57,0.062,0.054,0,1,0,1.9998570623369936
6.382,0.781,0.608,0.604,0.179,0.071,0,1,0,1.9990446046078068
6.379,1.093,0.771,0.625,0.13,0.155,0,1,0,1.9986381280762295
6.374,1.649,0.748,0.654,0.256,0.171,0,0,0,1.9979602998119528
6.371,1.379,0.633,0.509,0.098,0.127,0,0,0,1.9975533822071518
6.343,1.529,1.008,0.631,0.261,0.457,0,0,0,1.9937474784694733
6.322,1.161,0.669,0.356,0.311,0.059,0,0,0,1.9908835146980444
6.31,1.251,0.965,0.449,0.142,0.074,0,0,1,1.9892432737616872
6.26,0.96,0.635,0.531,0.099,0.039,0,1,0,1.9823798288367047
6.192,1.223,0.564,0.575,0.171,0.019,0,1,0,1.9729692971693191
6.173,1.21,0.776,0.354,0.118,0.014,0,0,1,1.9703239771442973
6.167,0.806,0.639,0.461,0.065,0.082,0,1,0,1.9694871570117822
6.141,0.668,0.7,0.527,0.208,0.128,0,1,0,1.965852822566973
6.123,1.176,0.781,0.546,0.108,0.064,0,0,1,1.9633289849962168
6.105,1.338,0.698,0.594,0.243,0.123,0,0,0,1.960798761549064
6.096,0.719,0.605,0.724,0.328,0.259,0,0,0,1.9595312450072784
6.083,1.474,0.675,0.554,0.167,0.106,0,0,0,1.9576975467714857
6.072,1.016,0.707,0.637,0.364,0.029,0,0,0,1.9561433253353424
6.0,1.264,0.946,0.281,0.137,0.028,0,0,1,1.9459101490553132
5.973,0.889,0.736,0.556,0.114,0.12,0,1,0,1.9420455482388737
5.956,0.807,0.474,0.593,0.183,0.089,0,1,0,1.9396045964920368
5.952,1.197,0.716,0.35,0.026,0.006,0,0,1,1.9390293879630909
5.948,1.219,0.856,0.633,0.16,0.051,0,0,1,1.9384538483788585
5.945,1.116,0.726,0.528,0.088,0.001,0,0,1,1.9380219762063071
5.933,1.148,0.671,0.363,0.092,0.066,0,0,1,1.9362926199603534
5.915,1.294,0.988,0.553,0.079,0.15,0,0,0,1.9336929651167216
5.891,1.09,0.684,0.584,0.245,0.05,1,0,0,1.930216212375071
5.89,0.819,0.693,0.575,0.096,0.031,0,1,0,1.9300710850255671
5.875,1.266,0.955,0.244,0.175,0.051,0,0,0,1.927891643552635
5.835,1.229,0.909,0.495,0.179,0.154,0,0,0,1.9220564701759129
5.81,1.151,0.599,0.399,0.065,0.025,0,0,1,1.918392120161421
5.79,1.143,0.631,0.454,0.148,0.121,0,0,0,1.9154509415706047
5.762,1.229,0.909,0.423,0.202,0.035,0,0,0,1.9113187042856943
5.752,0.751,0.508,0.606,0.141,0.054,0,1,0,1.909838757293656
5.739,1.2,0.737,0.553,0.086,0.174,0,0,1,1.9079115459640799
5.681,0.835,0.615,0.541,0.162,0.074,0,1,0,1.8992676769433403
5.663,0.934,0.674,0.53,0.092,0.034,0,1,0,1.8965698335804002
5.662,0.855,0.578,0.448,0.274,0.023,0,0,1,1.896419739771488
5.64,0.657,0.62,0.232,0.171,0.0,0,0,1,1.8931119634883424
5.636,1.016,0.517,0.417,0.199,0.037,0,0,0,1.892509372328198
5.62,1.171,0.732,0.259,0.061,0.022,0,0,1,1.890095369948917
5.566,0.985,0.553,0.496,0.116,0.148,1,0,0,1.881904819079401
5.524,0.775,0.513,0.643,0.12,0.105,0,0,0,1.8754876847587674
5.504,0.62,0.622,0.459,0.197,0.074,0,1,0,1.8724173722455095
5.483,1.039,0.7,0.307,0.101,0.154,0,0,1,1.8691833661928585
5.483,1.148,0.686,0.324,0.106,0.109,0,0,0,1.8691833661928585
5.472,0.652,0.424,0.334,0.216,0.113,0,0,0,1.8674851797561907
5.43,1.405,1.03,0.524,0.246,0.291,0,0,0,1.860974538249528
5.41,1.188,0.884,0.562,0.055,0.017,0,0,1,1.8578592709325787
5.398,0.975,0.685,0.288,0.134,0.043,0,0,1,1.8559854415273263
5.358,1.154,0.879,0.131,0.0,0.044,0,0,1,1.849713862488611
5.358,0.965,0.785,0.503,0.214,0.136,0,0,0,1.849713862488611
5.347,1.017,0.729,0.259,0.111,0.081,0,0,1,1.8479822603243332
5.321,1.115,0.737,0.38,0.12,0.039,0,0,1,1.8438774234901616
5.302,0.982,0.614,0.578,0.12,0.106,0,1,0,1.8408670433350829
5.295,0.979,0.687,0.077,0.055,0.135,1,0,0,1.8397556674963105
5.254,0.779,0.669,0.46,0.026,0.074,1,0,0,1.8332212590356494
5.246,0.989,0.799,0.597,0.029,0.103,0,0,0,1.831941258860887
5.201,1.024,0.603,0.43,0.031,0.176,0,0,0,1.8247105693677408
5.199,0.474,0.598,0.292,0.187,0.034,0,0,0,1.8243879887197822
5.185,0.959,0.691,0.394,0.173,0.052,0,0,1,1.8221270058444512
5.161,0.822,0.645,0.468,0.13,0.134,0,0,0,1.8182391020324336
5.155,0.689,0.048,0.462,0.201,0.032,1,0,0,1.8172647596364169
5.131,0.53,0.594,0.54,0.281,0.035,0,0,0,1.813357868780551
5.129,0.915,0.758,0.28,0.216,0.0,0,0,1,1.8130316045035946
5.125,0.914,0.575,0.395,0.253,0.032,0,0,0,1.8123787564307907
5.103,0.715,0.702,0.618,0.177,0.079,0,0,0,1.808780453562358
5.093,0.899,0.522,0.538,0.484,0.018,0,0,0,1.8071405712663573
5.082,0.796,0.527,0.541,0.364,0.171,0,0,0,1.805333589255173
4.982,0.0,0.115,0.674,0.238,0.282,1,0,0,1.7887549602077564
4.975,0.535,0.182,0.454,0.183,0.043,1,0,0,1.7875840978175743
4.933,1.054,0.712,0.359,0.064,0.009,0,0,1,1.7805299872765061
4.88,0.425,0.539,0.526,0.302,0.078,0,0,0,1.7715567619105355
4.806,0.996,0.657,0.133,0.056,0.052,0,1,0,1.7588918656024382
4.758,1.036,0.404,0.356,0.032,0.052,1,0,0,1.7505901921899842
4.743,0.642,0.602,0.266,0.086,0.076,0,0,0,1.7479817218821596
4.724,0.94,0.33,0.516,0.103,0.056,1,0,0,1.7446678616942046
4.707,1.059,0.691,0.459,0.282,0.129,0,0,0,1.741693491554571
4.671,0.541,0.08,0.467,0.146,0.103,1,0,0,1.735365469031891
4.657,0.592,0.337,0.499,0.212,0.029,1,0,0,1.7328937163610187
4.631,0.429,0.433,0.406,0.138,0.082,1,0,0,1.7282870462724815
4.623,0.72,0.441,0.626,0.23,0.174,0,0,0,1.7268653293100646
4.592,0.9,0.69,0.271,0.04,0.063,1,0,0,1.721337004931509
4.586,0.916,0.79,0.419,0.149,0.032,0,0,1,1.720263467522985
4.571,0.256,0.0,0.355,0.238,0.053,1,0,0,1.7175745710386785
4.559,0.682,0.343,0.514,0.091,0.077,1,0,0,1.7154182359713324
4.5,0.532,0.579,0.58,0.153,0.144,0,0,0,1.7047480922384253
4.471,0.918,0.672,0.585,0.307,0.05,0,0,0,1.699461415081689
4.456,1.01,0.536,0.304,0.148,0.095,0,0,0,1.696715920541161
4.447,0.37,0.152,0.367,0.139,0.056,1,0,0,1.6950649984015373
4.441,0.874,0.365,0.519,0.051,0.064,1,0,0,1.6939628675037883
4.433,0.549,0.457,0.696,0.256,0.065,0,0,0,1.692491467569386
4.424,0.314,0.254,0.312,0.175,0.128,1,0,0,1.6908335506380945
4.419,0.885,0.553,0.312,0.092,0.107,1,0,0,1.689911296583977
4.417,0.198,0.173,0.531,0.206,0.158,1,0,0,1.6895421566757618
4.41,0.493,0.454,0.504,0.352,0.055,1,0,0,1.6882490928583902
4.377,0.562,0.295,0.503,0.221,0.082,1,0,0,1.682130597827541
4.356,0.557,0.292,0.129,0.134,0.093,1,0,0,1.6782174278289261
4.35,0.308,0.391,0.452,0.22,0.146,1,0,0,1.6770965609079151
4.34,0.853,0.643,0.375,0.038,0.215,0,0,0,1.6752256529721035
4.321,0.816,0.666,0.26,0.077,0.028,0,0,0,1.6716612556142323
4.308,0.682,0.429,0.58,0.598,0.178,0,0,0,1.6692151164699611
4.301,0.358,0.053,0.189,0.181,0.06,1,0,0,1.667895482005669
4.245,0.069,0.204,0.312,0.197,0.052,1,0,0,1.6572752418482606
4.19,0.721,0.485,0.539,0.172,0.093,0,0,0,1.6467336971777973
4.166,0.131,0.221,0.39,0.175,0.099,1,0,0,1.6420986946736489
4.161,0.322,0.237,0.45,0.259,0.061,1,0,0,1.64113035916659
4.141,0.378,0.24,0.44,0.163,0.067,1,0,0,1.6372476130733675
4.139,0.605,0.312,0.016,0.134,0.082,1,0,0,1.6368585080100926
4.103,0.793,0.609,0.163,0.187,0.011,0,0,1,1.6298286020818344
3.999,0.259,0.253,0.434,0.158,0.101,1,0,0,1.6092378924314334
3.964,0.344,0.211,0.394,0.185,0.094,1,0,0,1.6022118673423607
3.808,0.472,0.079,0.423,0.116,0.112,1,0,0,1.5702811972329065
3.795,0.73,0.269,0.0,0.079,0.061,1,0,0,1.5675737083354015
3.774,0.262,0.402,0.221,0.155,0.049,1,0,0,1.5631845279166383
3.692,0.357,0.248,0.406,0.132,0.099,1,0,0,1.5458589307912292
3.632,0.332,0.255,0.085,0.191,0.036,0,0,0,1.532988740270694
3.59,1.017,0.417,0.557,0.042,0.092,1,0,0,1.5238800240724537
3.587,0.186,0.306,0.531,0.21,0.08,1,0,0,1.523226215615035
3.582,0.315,0.289,0.025,0.392,0.104,0,1,0,1.5221355840313038
3.495,0.076,0.267,0.419,0.206,0.03,1,0,0,1.5029656679235837
3.462,0.689,0.539,0.088,0.376,0.144,0,0,0,1.4955970960103409
3.408,0.332,0.4,0.636,0.2,0.444,1,0,0,1.4834210718506133
3.355,0.442,0.343,0.244,0.083,0.064,0,0,0,1.4713246103044662
3.303,0.455,0.381,0.481,0.27,0.097,1,0,0,1.4593124538564626
3.254,0.337,0.177,0.112,0.224,0.106,1,0,0,1.4478597167780454
3.083,0.024,0.01,0.305,0.218,0.038,1,0,0,1.4068320123374387
2.905,0.091,0.145,0.065,0.149,0.076,1,0,0,1.3622577832916491
7.769,1.34,0.986,0.596,0.153,0.393,0,0,1,2.1712227747972186
7.6,1.383,0.996,0.592,0.252,0.41,0,0,1,2.151762203259462
7.554,1.488,1.028,0.603,0.271,0.341,0,0,1,2.1463990098047168
7.494,1.38,1.026,0.591,0.354,0.118,0,0,1,2.1393600318910795
7.488,1.396,0.999,0.557,0.322,0.298,0,0,1,2.1386534013116822
7.48,1.452,1.052,0.572,0.263,0.343,0,0,1,2.1377104498038118
7.343,1.387,1.009,0.574,0.267,0.373,0,0,1,2.1214228639199373
7.307,1.303,1.026,0.585,0.33,0.38,0,0,0,2.1170985328569345
7.278,1.365,1.039,0.584,0.285,0.308,0,1,0,2.1136013933265407
7.246,1.376,1.016,0.532,0.244,0.226,0,0,1,2.109728234284708
7.228,1.372,1.036,0.557,0.332,0.29,0,0,0,2.1075429717907106
7.167,1.034,0.963,0.558,0.144,0.093,0,1,0,2.1001016443761387
7.139,1.276,1.029,0.371,0.261,0.082,0,0,0,2.0966673223449046
7.09,1.609,1.012,0.526,0.194,0.316,0,0,1,2.0906287310704004
7.054,1.333,0.996,0.45,0.348,0.278,0,0,1,2.0861688624292625
7.021,1.499,0.999,0.516,0.298,0.31,0,0,1,2.0820631023847875
6.985,1.373,0.987,0.495,0.261,0.265,0,0,1,2.077564781666976
6.923,1.356,0.986,0.473,0.16,0.21,0,0,1,2.069769921983105
6.892,1.433,0.874,0.454,0.28,0.128,0,1,0,2.065849588160369
6.852,1.269,0.92,0.457,0.046,0.036,0,0,1,2.0607682764142146
6.825,1.503,0.825,0.598,0.262,0.182,0,0,0,2.057323736426217
6.726,1.3,0.999,0.564,0.375,0.151,0,0,1,2.0445912642440898
6.595,1.07,0.861,0.433,0.074,0.073,0,1,0,2.027490136047736
6.592,1.324,1.045,0.436,0.111,0.183,0,0,1,2.0270950613076266
6.446,1.368,0.914,0.351,0.242,0.097,0,0,0,2.0076769754505253
6.444,1.159,0.92,0.357,0.187,0.056,0,1,0,2.0074083387800044
6.436,0.8,0.746,0.535,0.175,0.078,0,1,0,2.0063330698591977
6.375,1.403,0.795,0.439,0.08,0.132,0,0,0,1.9980959022258835
6.374,1.684,0.871,0.555,0.22,0.167,0,0,0,1.9979602998119528
6.354,1.286,1.062,0.362,0.153,0.079,0,0,1,1.9952443828790802
6.321,1.149,0.91,0.516,0.109,0.054,0,1,0,1.9907469306645056
6.3,1.004,0.802,0.39,0.099,0.086,0,1,0,1.9878743481543455
6.293,1.124,0.891,0.523,0.127,0.15,0,1,0,1.986914984002096
6.262,1.572,1.141,0.556,0.271,0.453,0,0,0,1.982655272992144
6.253,0.794,0.789,0.43,0.093,0.074,0,1,0,1.9814151763812753
6.223,1.294,1.039,0.231,0.158,0.03,0,0,1,1.9772703790687098
6.199,1.362,0.871,0.536,0.255,0.11,0,0,0,1.9739421274871658
6.198,1.246,0.881,0.334,0.121,0.014,0,0,1,1.973803209656839
6.192,1.231,0.713,0.489,0.185,0.016,0,1,0,1.9729692971693191
6.182,1.206,0.884,0.483,0.117,0.05,0,0,1,1.9715778958038912
6.174,0.745,0.756,0.631,0.322,0.24,0,0,0,1.970463379110091
6.149,1.238,0.818,0.291,0.043,0.042,0,0,1,1.9669724867847147
6.125,0.985,0.841,0.47,0.099,0.034,0,1,0,1.9636097261547143
6.118,1.258,0.953,0.564,0.144,0.057,0,0,1,1.962626787088001
6.105,0.694,0.835,0.435,0.2,0.127,0,1,0,1.960798761549064
6.1,0.882,0.758,0.489,0.262,0.006,0,0,1,1.9600947840472698
6.086,1.092,0.881,0.471,0.066,0.05,0,1,0,1.9581210064432804
6.07,1.162,0.825,0.462,0.083,0.005,0,0,1,1.9558604799084813
6.046,1.263,1.042,0.406,0.19,0.041,0,0,0,1.952460079919046
6.028,0.912,0.868,0.498,0.126,0.087,0,1,0,1.9499021703248507
6.021,1.5,0.808,0.493,0.142,0.097,0,0,0,1.9489056580351118
6.008,1.05,0.828,0.557,0.359,0.028,0,0,0,1.9470523536340902
5.94,1.187,0.812,0.264,0.075,0.064,0,0,1,1.937301774518713
5.895,1.301,1.036,0.159,0.175,0.056,0,0,0,1.9307965112452652
5.893,1.237,0.874,0.495,0.103,0.161,0,0,1,1.9305064039035147
5.89,0.831,0.831,0.49,0.107,0.028,0,1,0,1.9300710850255671
5.888,1.12,0.798,0.498,0.215,0.06,1,0,0,1.9297807671254297
5.886,1.327,1.088,0.445,0.069,0.14,0,0,0,1.929490364916332
5.86,0.642,0.828,0.507,0.246,0.078,0,1,0,1.925707441737794
5.809,1.173,0.729,0.41,0.146,0.096,0,0,0,1.9182452665008296
5.779,0.776,0.706,0.511,0.137,0.064,0,1,0,1.9138295984488285
5.758,1.201,0.828,0.199,0.081,0.02,0,0,1,1.9107269882920983
5.743,0.855,0.777,0.514,0.184,0.08,0,1,0,1.908504929752445
5.718,1.263,1.042,0.417,0.191,0.162,0,0,0,1.904790491190101
5.697,0.96,0.854,0.455,0.083,0.027,0,1,0,1.9016596649279132
5.693,1.221,0.999,0.508,0.047,0.025,0,0,1,1.901062204118505
5.653,0.677,0.535,0.313,0.22,0.098,0,0,0,1.8950678807597505
5.648,1.183,0.726,0.334,0.082,0.031,0,0,1,1.894316057553147
5.631,0.807,0.657,0.558,0.117,0.107,0,0,0,1.8917556223867307
5.603,1.004,0.854,0.282,0.137,0.039,0,0,1,1.8875240912124343
5.529,0.685,0.739,0.245,0.181,0.0,0,0,1,1.8762537922044964
5.525,1.044,0.673,0.416,0.133,0.152,1,0,0,1.8756409532087572
5.523,1.051,0.871,0.197,0.142,0.08,0,0,1,1.875334392813959
5.467,0.493,0.718,0.389,0.23,0.144,0,0,0,1.8667123224644557
5.432,1.155,0.914,0.296,0.119,0.022,0,0,1,1.8612855318766652
5.43,1.438,1.122,0.44,0.258,0.287,0,0,0,1.860974538249528
5.425,1.015,0.779,0.497,0.113,0.101,0,1,0,1.8601966307812834
5.386,0.945,0.845,0.212,0.263,0.006,0,0,1,1.8541080942925903
5.373,1.183,0.808,0.195,0.083,0.106,0,0,0,1.852070316332157
5.339,1.221,0.828,0.508,0.26,0.024,0,0,0,1.8467210273020294
5.323,1.067,0.789,0.235,0.094,0.142,0,0,1,1.8441937790764762
5.287,1.181,0.999,0.067,0.0,0.034,0,0,1,1.838484009400924
5.285,0.948,0.667,0.317,0.235,0.038,0,0,0,1.8381658420422107
5.274,0.983,0.838,0.345,0.185,0.034,0,0,1,1.8364141097684863
5.265,0.696,0.245,0.426,0.215,0.041,1,0,0,1.8349785883480316
5.261,0.551,0.723,0.508,0.3,0.023,0,0,0,1.8343399167631733
5.247,1.052,0.657,0.394,0.244,0.028,0,0,0,1.8321013485114328
5.211,1.002,0.785,0.086,0.073,0.114,1,0,0,1.826321913577166
5.208,0.801,0.782,0.418,0.036,0.076,1,0,0,1.8258387828809177
5.208,1.043,0.769,0.351,0.035,0.182,0,0,0,1.8258387828809177
5.197,0.987,0.815,0.216,0.166,0.027,0,0,0,1.8240653039799706
5.192,0.931,0.66,0.491,0.498,0.028,0,0,0,1.823258136287426
5.191,1.029,0.893,0.521,0.058,0.1,0,0,0,1.823096624537095
5.175,0.741,0.851,0.543,0.147,0.073,0,0,0,1.8205088825140407
5.082,0.813,0.604,0.457,0.37,0.167,0,0,0,1.805333589255173
5.044,0.549,0.331,0.381,0.187,0.037,1,0,0,1.7990660444104931
5.011,1.092,0.815,0.311,0.081,0.004,0,0,1,1.793591124057025
4.996,0.611,0.486,0.381,0.245,0.04,1,0,0,1.7910925802403512
4.944,0.569,0.232,0.352,0.154,0.09,1,0,0,1.7823823074154581
4.913,0.446,0.677,0.439,0.285,0.089,0,0,0,1.7771533168386928
4.906,0.837,0.815,0.383,0.11,0.13,0,0,0,1.7759687833217308
4.883,0.393,0.397,0.349,0.175,0.082,1,0,0,1.772066835882319
4.812,0.673,0.508,0.372,0.105,0.093,1,0,0,1.7599247457080365
4.799,1.057,0.571,0.295,0.043,0.055,1,0,0,1.7576854888943036
4.796,0.764,0.551,0.547,0.266,0.164,0,0,0,1.757168024458436
4.722,0.96,0.469,0.389,0.13,0.055,1,0,0,1.7443183946279186
4.719,0.947,0.874,0.383,0.178,0.027,0,0,1,1.7437939649331793
4.707,0.96,0.805,0.154,0.064,0.047,0,1,0,1.741693491554571
4.7,0.574,0.637,0.609,0.232,0.062,0,0,0,1.7404661748405044
4.696,0.657,0.672,0.225,0.103,0.066,0,0,0,1.7397641741096745
4.681,0.45,0.571,0.292,0.153,0.072,1,0,0,1.7371272735749899
4.668,0.0,0.268,0.559,0.243,0.27,1,0,0,1.7348363218284342
4.639,0.879,0.477,0.401,0.07,0.056,1,0,0,1.7297067448250452
4.628,0.138,0.366,0.318,0.188,0.102,1,0,0,1.7277541392521427
4.587,0.331,0.38,0.255,0.177,0.113,1,0,0,1.7204424704770116
4.559,0.85,0.815,0.283,0.095,0.064,0,0,0,1.7154182359713324
4.548,1.1,0.785,0.305,0.27,0.125,0,0,0,1.7134375024525852
4.534,0.38,0.375,0.332,0.207,0.086,1,0,0,1.7109108813647342
4.519,0.886,0.752,0.346,0.043,0.164,0,0,0,1.7081966844573642
4.516,0.308,0.428,0.382,0.269,0.167,1,0,0,1.7076529599310555
4.509,0.512,0.581,0.431,0.372,0.053,1,0,0,1.7063831184905796
4.49,0.57,0.489,0.066,0.106,0.088,1,0,0,1.7029282555214393
4.466,0.204,0.39,0.494,0.197,0.138,1,0,0,1.6985470875058764
4.461,0.921,0.815,0.167,0.059,0.055,1,0,0,1.6976319231700168
4.456,0.562,0.723,0.527,0.166,0.143,0,0,0,1.696715920541161
4.437,1.043,0.574,0.241,0.148,0.089,0,0,0,1.6932274381637837
4.418,0.094,0.357,0.269,0.212,0.053,1,0,0,1.6897267436629033
4.39,0.385,0.308,0.327,0.153,0.052,1,0,0,1.6845453849209058
4.374,0.268,0.242,0.309,0.252,0.045,1,0,0,1.6815725101932995
4.366,0.949,0.831,0.47,0.244,0.047,0,0,0,1.6800827520034323
4.36,0.71,0.555,0.525,0.566,0.172,0,0,0,1.6789639750827106
4.35,0.35,0.192,0.174,0.198,0.078,1,0,0,1.6770965609079151
4.332,0.82,0.739,0.178,0.187,0.01,0,0,1,1.6737264023164622
4.286,0.336,0.532,0.344,0.209,0.1,1,0,0,1.6650618161820974
4.212,0.811,0.0,0.313,0.074,0.135,1,0,0,1.6509636592625987
4.189,0.332,0.443,0.356,0.252,0.06,1,0,0,1.6465410003856027
4.166,0.913,0.644,0.241,0.076,0.067,1,0,0,1.6420986946736489
4.107,0.578,0.426,0.431,0.247,0.087,1,0,0,1.6306121476655069
4.085,0.275,0.41,0.293,0.177,0.085,1,0,0,1.6262950295005232
4.015,0.755,0.588,0.498,0.2,0.085,0,0,0,1.6124334214138987
3.975,0.073,0.443,0.37,0.233,0.033,1,0,0,1.604425370610556
3.973,0.274,0.505,0.142,0.275,0.078,1,0,0,1.6040232797326015
3.933,0.274,0.555,0.148,0.169,0.041,1,0,0,1.5959473222516012
3.802,0.489,0.168,0.359,0.107,0.093,1,0,0,1.5690324977990615
3.775,0.046,0.38,0.22,0.176,0.18,1,0,0,1.5633939739326936
3.663,0.366,0.433,0.361,0.151,0.089,1,0,0,1.5396590178261838
3.597,0.323,0.449,0.026,0.419,0.11,0,1,0,1.525403916824091
3.488,1.041,0.538,0.455,0.025,0.1,1,0,0,1.501407168220395
3.462,0.619,0.44,0.013,0.331,0.141,0,0,0,1.4955970960103409
3.41,0.191,0.495,0.443,0.218,0.089,1,0,0,1.4838746894587547
3.38,0.287,0.463,0.143,0.108,0.077,0,0,0,1.4770487243883548
3.334,0.359,0.614,0.555,0.217,0.411,1,0,0,1.4664909031141673
3.231,0.476,0.499,0.417,0.276,0.147,1,0,0,1.4424383717379303
3.203,0.35,0.361,0.0,0.158,0.025,0,0,0,1.4357985560229796
3.083,0.026,0.105,0.225,0.235,0.035,1,0,0,1.4068320123374387
2.853,0.306,0.295,0.01,0.202,0.091,1,0,0,1.3488520656440206
