Country,Year,Rank,Score,GDP per capita,Social support,Healthy life expectancy,Freedom to make life choices,Generosity,Perceptions of corruption,ID,Score_log
Switzerland,2015,1,7.587,1.39651,1.34951,0.94143,0.66557,0.29678,0.41978,201501,2.1502494316903475
Iceland,2015,2,7.561,1.30232,1.40223,0.94784,0.62877,0.4363,0.14145,201502,2.1472170057603486
Denmark,2015,3,7.527,1.32548,1.36058,0.87464,0.64938,0.34139,0.48357,201503,2.1432375997599125
Norway,2015,4,7.522,1.459,1.33095,0.88521,0.66973,0.34699,0.36503,201504,2.1426510550777205
Canada,2015,5,7.427,1.32629,1.32261,0.90563,0.63297,0.45811,0.32957,201505,2.1314408367902162
Finland,2015,6,7.406,1.29025,1.31826,0.88911,0.64169,0.23351,0.41372,201506,2.1289457365829247
Netherlands,2015,7,7.378,1.32944,1.28017,0.89284,0.61576,0.4761,0.31814,201507,2.1256092225248433
Sweden,2015,8,7.364,1.33171,1.28907,0.91087,0.6598,0.36262,0.43844,201508,2.123936781566387
New Zealand,2015,9,7.286,1.25018,1.31967,0.90837,0.63938,0.47501,0.42922,201509,2.11456734365521
Australia,2015,10,7.284,1.33358,1.30923,0.93156,0.65124,0.43562,0.35637,201510,2.1143259435333377
Israel,2015,11,7.278,1.22857,1.22393,0.91387,0.41319,0.33172,0.07785,201511,2.1136013933265407
Costa Rica,2015,12,7.226,0.95578,1.23788,0.86027,0.63376,0.25497,0.10583,201512,2.1072998698082324
Austria,2015,13,7.2,1.33723,1.29704,0.89042,0.62433,0.33088,0.18676,201513,2.1041341542702074
Mexico,2015,14,7.187,1.02054,0.91451,0.81444,0.48181,0.14074,0.21312,201514,2.102547530394311
United States,2015,15,7.119,1.39451,1.24711,0.86179,0.54604,0.40105,0.1589,201515,2.0942069938803094
Brazil,2015,16,6.983,0.98124,1.23287,0.69702,0.49049,0.14574,0.17521,201516,2.077314280663662
Luxembourg,2015,17,6.946,1.56391,1.21963,0.91894,0.61583,0.28034,0.37798,201517,2.0726686573924074
Ireland,2015,18,6.94,1.33596,1.36948,0.89533,0.61777,0.45901,0.28703,201518,2.0719132752590443
Belgium,2015,19,6.937,1.30782,1.28566,0.89667,0.5845,0.2225,0.2254,201519,2.0715353701087387
United Arab Emirates,2015,20,6.901,1.42727,1.12575,0.80925,0.64157,0.26428,0.38583,201520,2.066989333740596
United Kingdom,2015,21,6.867,1.26637,1.28548,0.90943,0.59625,0.51912,0.32067,201521,2.0626767953471052
Oman,2015,22,6.853,1.36011,1.08182,0.76276,0.63274,0.21542,0.32524,201522,2.0608956243927374
Venezuela,2015,23,6.81,1.04424,1.25596,0.72052,0.42908,0.05841,0.11069,201523,2.0554049638515943
Singapore,2015,24,6.798,1.52186,1.02,1.02525,0.54252,0.31105,0.4921,201524,2.0538672905604054
Panama,2015,25,6.786,1.06353,1.1985,0.79661,0.5421,0.24434,0.0927,201525,2.052327249188264
Germany,2015,26,6.75,1.32792,1.29937,0.89186,0.61477,0.28214,0.21843,201526,2.0476928433652555
Chile,2015,27,6.67,1.10715,1.12447,0.85857,0.44132,0.33363,0.12869,201527,2.0373166153791646
Qatar,2015,28,6.611,1.69042,1.0786,0.79733,0.6404,0.32573,0.52208,201528,2.0295945692852544
France,2015,29,6.575,1.27778,1.26038,0.94579,0.55011,0.12332,0.20646,201529,2.024853351395433
Argentina,2015,30,6.574,1.05351,1.24823,0.78723,0.44974,0.11451,0.08484,201530,2.024721329479603
Czech Republic,2015,31,6.505,1.17898,1.20643,0.84483,0.46364,0.10686,0.02652,201531,2.0155694650854254
Uruguay,2015,32,6.485,1.06166,1.2089,0.8116,0.60362,0.2324,0.24558,201532,2.0129010178715916
Colombia,2015,33,6.477,0.91861,1.24018,0.69077,0.53466,0.18401,0.0512,201533,2.0118316420177784
Thailand,2015,34,6.455,0.9669,1.26504,0.7385,0.55664,0.5763,0.03187,201534,2.0088849482167017
Saudi Arabia,2015,35,6.411,1.39541,1.08393,0.72025,0.31048,0.13706,0.32524,201535,2.0029653829692218
Spain,2015,36,6.329,1.23011,1.31379,0.95562,0.45951,0.18227,0.06398,201536,1.991839080943713
Malta,2015,37,6.302,1.2074,1.30203,0.88721,0.60365,0.51752,0.13586,201537,1.9881482832334452
Taiwan,2015,38,6.298,1.29098,1.07617,0.8753,0.3974,0.25376,0.08129,201538,1.987600338014256
Kuwait,2015,39,6.295,1.55422,1.16594,0.72492,0.55499,0.16228,0.25609,201539,1.987189181974749
Suriname,2015,40,6.269,0.99534,0.972,0.6082,0.59657,0.16991,0.13633,201540,1.9836187305024984
Trinidad and Tobago,2015,41,6.168,1.21183,1.18354,0.61483,0.55884,0.31844,0.0114,201541,1.9696266756726293
El Salvador,2015,42,6.13,0.76454,1.02507,0.67737,0.4035,0.10692,0.11776,201542,1.9643112344262046
Guatemala,2015,43,6.123,0.74553,1.04356,0.64425,0.57733,0.27489,0.09472,201543,1.9633289849962168
Uzbekistan,2015,44,6.003,0.63244,1.34043,0.59772,0.65821,0.22837,0.30826,201544,1.9463386286733808
Slovakia,2015,45,5.995,1.16891,1.26999,0.78902,0.31751,0.16893,0.03431,201545,1.9451956081174444
Japan,2015,46,5.987,1.27074,1.25712,0.99111,0.49615,0.10705,0.1806,201546,1.9440512795703135
South Korea,2015,47,5.984,1.24461,0.95774,0.96538,0.33208,0.18557,0.07857,201547,1.943621818537301
Ecuador,2015,48,5.975,0.86402,0.99903,0.79075,0.48574,0.11541,0.1809,201548,1.9423323277074294
Bahrain,2015,49,5.96,1.32376,1.21624,0.74716,0.45492,0.17362,0.306,201549,1.9401794743463283
Italy,2015,50,5.948,1.25114,1.19777,0.95446,0.26236,0.22823,0.02901,201550,1.9384538483788585
Bolivia,2015,51,5.89,0.68133,0.97841,0.5392,0.57414,0.20536,0.088,201551,1.9300710850255671
Moldova,2015,52,5.889,0.59448,1.01528,0.61826,0.32818,0.20951,0.01615,201552,1.9299259366110588
Paraguay,2015,53,5.878,0.75985,1.30477,0.66098,0.53899,0.3424,0.08242,201553,1.9283279120100745
Kazakhstan,2015,54,5.855,1.12254,1.12241,0.64368,0.51649,0.11827,0.08454,201554,1.9249783130142777
Slovenia,2015,55,5.848,1.18498,1.27385,0.87337,0.60855,0.25328,0.03787,201555,1.923956638839441
Lithuania,2015,56,5.833,1.14723,1.25745,0.73128,0.21342,0.02641,0.01031,201556,1.9217638157986412
Nicaragua,2015,57,5.828,0.59325,1.14184,0.74314,0.55475,0.27815,0.19317,201557,1.9210318049321942
Peru,2015,58,5.824,0.90019,0.97459,0.73017,0.41496,0.14982,0.05989,201558,1.920445810189378
Belarus,2015,59,5.813,1.03192,1.23289,0.73608,0.37938,0.11046,0.1909,201559,1.918832551791531
Poland,2015,60,5.791,1.12555,1.27948,0.77903,0.53122,0.16759,0.04212,201560,1.9155982061316543
Malaysia,2015,61,5.77,1.12486,1.07023,0.72394,0.53024,0.33075,0.10501,201561,1.9125010869241836
Croatia,2015,62,5.759,1.08254,0.79624,0.78805,0.25883,0.05444,0.0243,201562,1.9108749501182172
Libya,2015,63,5.754,1.13145,1.11862,0.7038,0.41668,0.18295,0.11023,201563,1.9101349219633759
Russia,2015,64,5.716,1.13764,1.23617,0.66926,0.36679,0.00199,0.03005,201564,1.9044927392152944
Jamaica,2015,65,5.709,0.81038,1.15102,0.68741,0.50442,0.2123,0.02299,201565,1.903449908580751
North Cyprus,2015,66,5.695,1.20806,1.07008,0.92356,0.49027,0.26169,0.1428,201566,1.9013609791431358
Cyprus,2015,67,5.689,1.20813,0.89318,0.92356,0.40672,0.30638,0.06146,201567,1.900464386136271
Algeria,2015,68,5.605,0.93929,1.07772,0.61766,0.28579,0.07822,0.17383,201568,1.8878269379742887
Kosovo,2015,69,5.589,0.80148,0.81198,0.63132,0.24749,0.2831,0.04741,201569,1.8854015919316829
Turkmenistan,2015,70,5.548,0.95847,1.22668,0.53886,0.4761,0.16979,0.30844,201570,1.8791596595088884
Mauritius,2015,71,5.477,1.00761,0.98521,0.7095,0.56066,0.37744,0.07521,201571,1.86825744020078
Hong Kong,2015,72,5.474,1.38604,1.05818,1.01328,0.59608,0.39478,0.37124,201572,1.8677941555040527
Estonia,2015,73,5.429,1.15174,1.22791,0.77361,0.44888,0.0868,0.15184,201573,1.8608190051595497
Indonesia,2015,74,5.399,0.82827,1.08708,0.63793,0.46611,0.51535,0.0,201574,1.8561417281573231
Vietnam,2015,75,5.36,0.63216,0.91226,0.74676,0.59444,0.1686,0.10441,201575,1.8500283773520307
Turkey,2015,76,5.332,1.06098,0.94632,0.73172,0.22815,0.12253,0.15746,201576,1.8456161420187658
Kyrgyzstan,2015,77,5.286,0.47428,1.15115,0.65088,0.43477,0.3003,0.04232,201577,1.8383249383753757
Nigeria,2015,78,5.268,0.65435,0.90432,0.16007,0.34334,0.27233,0.0403,201578,1.8354573244937744
Bhutan,2015,79,5.253,0.77042,1.10395,0.57407,0.53206,0.47998,0.15445,201579,1.833061348585161
Azerbaijan,2015,80,5.212,1.02389,0.93793,0.64045,0.3703,0.07799,0.16065,201580,1.8264829052864406
Pakistan,2015,81,5.194,0.59543,0.41411,0.51466,0.12102,0.33671,0.10464,201581,1.8235810815510112
Jordan,2015,82,5.192,0.90198,1.05392,0.69639,0.40661,0.11053,0.14293,201582,1.823258136287426
Montenegro,2015,82,5.192,0.97438,0.90557,0.72521,0.1826,0.1614,0.14296,201583,1.823258136287426
China,2015,84,5.14,0.89012,0.94675,0.81658,0.51697,0.08185,0.02781,201584,1.814824742159051
Zambia,2015,85,5.129,0.47038,0.91612,0.29924,0.48827,0.19591,0.12468,201585,1.8130316045035946
Romania,2015,86,5.124,1.04345,0.88588,0.7689,0.35068,0.13748,0.00649,201586,1.8122154777954373
Serbia,2015,87,5.123,0.92053,1.00964,0.74836,0.20107,0.19231,0.02617,201587,1.8120521724958174
Portugal,2015,88,5.102,1.15991,1.13935,0.87519,0.51469,0.13719,0.01078,201588,1.808616586294478
Latvia,2015,89,5.098,1.11312,1.09562,0.72437,0.29671,0.18226,0.06332,201589,1.807960848566063
Philippines,2015,90,5.073,0.70532,1.03516,0.58114,0.62545,0.24991,0.12279,201590,1.8038527169154384
Somaliland region,2015,91,5.057,0.18847,0.95152,0.43873,0.46582,0.50318,0.39928,201591,1.8012146279988102
Morocco,2015,92,5.013,0.73479,0.64095,0.60954,0.41691,0.07172,0.08546,201592,1.7939237920574316
Macedonia,2015,93,5.007,0.91851,1.00232,0.73545,0.33457,0.22359,0.05327,201593,1.7929254558680243
Mozambique,2015,94,4.971,0.08308,1.02626,0.09131,0.34037,0.22269,0.15603,201594,1.7869144175648555
Albania,2015,95,4.959,0.87867,0.80434,0.81325,0.35733,0.14272,0.06413,201595,1.7849026817648417
Bosnia and Herzegovina,2015,96,4.949,0.83223,0.91916,0.79081,0.09245,0.24808,0.00227,201596,1.7832231382057686
Lesotho,2015,97,4.898,0.37545,1.04103,0.07612,0.31767,0.16388,0.12504,201597,1.7746133103930846
Dominican Republic,2015,98,4.885,0.89537,1.17202,0.66825,0.57672,0.21684,0.14234,201598,1.7724067407122401
Laos,2015,99,4.876,0.59066,0.73803,0.54909,0.59591,0.42192,0.24249,201599,1.7708762583116309
Mongolia,2015,100,4.874,0.82819,1.3006,0.60268,0.43626,0.3323,0.02666,2015100,1.7705358327764282
Swaziland,2015,101,4.867,0.71206,1.07284,0.07566,0.30658,0.18259,0.0306,2015101,1.769343429943723
Greece,2015,102,4.857,1.15406,0.92933,0.88213,0.07699,0.0,0.01397,2015102,1.7676375271076452
Lebanon,2015,103,4.839,1.02564,0.80001,0.83947,0.33916,0.21854,0.04582,2015103,1.7645595493014006
Hungary,2015,104,4.8,1.12094,1.20215,0.75905,0.32112,0.128,0.02758,2015104,1.7578579175523736
Honduras,2015,105,4.788,0.59532,0.95348,0.6951,0.40148,0.23027,0.06825,2015105,1.7557868087692374
Tajikistan,2015,106,4.786,0.39047,0.85563,0.57379,0.47216,0.22974,0.15072,2015106,1.7554412065539433
Tunisia,2015,107,4.739,0.88113,0.60429,0.73793,0.26268,0.06431,0.06358,2015107,1.7472849791262255
Palestinian Territories,2015,108,4.715,0.59867,0.92558,0.66015,0.24499,0.11251,0.12905,2015108,1.743094297246774
Bangladesh,2015,109,4.694,0.39753,0.43106,0.60164,0.4082,0.21222,0.12569,2015109,1.7394129888558458
Iran,2015,110,4.686,1.0088,0.54447,0.69805,0.30033,0.38086,0.05863,2015110,1.738007013228808
Ukraine,2015,111,4.681,0.79907,1.20278,0.6739,0.25123,0.15275,0.02961,2015111,1.7371272735749899
Iraq,2015,112,4.677,0.98549,0.81889,0.60237,0.0,0.17922,0.13788,2015112,1.7364229241885891
South Africa,2015,113,4.642,0.92049,1.18468,0.27688,0.33207,0.11973,0.08884,2015113,1.7302386125798046
Ghana,2015,114,4.633,0.54558,0.67954,0.40132,0.42342,0.23087,0.04355,2015114,1.728642159912577
Zimbabwe,2015,115,4.61,0.271,1.03276,0.33475,0.25861,0.18987,0.08079,2015115,1.724550719534605
Liberia,2015,116,4.571,0.0712,0.78968,0.34201,0.28531,0.24362,0.06232,2015116,1.7175745710386785
India,2015,117,4.565,0.64499,0.38174,0.51529,0.39786,0.26475,0.08492,2015117,1.7164969847275082
Sudan,2015,118,4.55,0.52107,1.01404,0.36878,0.10081,0.19062,0.1466,2015118,1.713797927758343
Haiti,2015,119,4.518,0.26673,0.74302,0.38847,0.24425,0.46187,0.17175,2015119,1.7080154757950943
Congo (Kinshasa),2015,120,4.517,0.0,1.0012,0.09806,0.22605,0.24834,0.07625,2015120,1.707834234290294
Nepal,2015,121,4.514,0.35997,0.86449,0.56874,0.38282,0.32296,0.05907,2015121,1.707290312601605
Ethiopia,2015,122,4.512,0.19073,0.60406,0.44055,0.4345,0.24325,0.15048,2015122,1.7069275337113574
Sierra Leone,2015,123,4.507,0.33024,0.95571,0.0,0.4084,0.21488,0.08786,2015123,1.7060200102803444
Mauritania,2015,124,4.436,0.45407,0.86908,0.35874,0.24232,0.219,0.17461,2015124,1.6930434962888974
Kenya,2015,125,4.419,0.36471,0.99876,0.41435,0.42215,0.37542,0.05839,2015125,1.689911296583977
Djibouti,2015,126,4.369,0.44025,0.59207,0.36291,0.46074,0.18093,0.28105,2015126,1.6806416714404324
Armenia,2015,127,4.35,0.76821,0.77711,0.7299,0.19847,0.07855,0.039,2015127,1.6770965609079151
Botswana,2015,128,4.332,0.99355,1.10464,0.04776,0.49495,0.10461,0.12474,2015128,1.6737264023164622
Myanmar,2015,129,4.307,0.27108,0.70905,0.48246,0.44017,0.79588,0.19034,2015129,1.669026703845758
Georgia,2015,130,4.297,0.7419,0.38562,0.72926,0.40577,0.05547,0.38331,2015130,1.6671406225623895
Malawi,2015,131,4.292,0.01604,0.41134,0.22562,0.43054,0.33128,0.06977,2015131,1.6661962462527091
Sri Lanka,2015,132,4.271,0.83524,1.01905,0.70806,0.53726,0.40828,0.09179,2015132,1.6622200978730697
Cameroon,2015,133,4.252,0.4225,0.88767,0.23402,0.49309,0.20618,0.05786,2015133,1.6586089564405497
Bulgaria,2015,134,4.218,1.01216,1.10614,0.76649,0.30587,0.11921,0.00872,2015134,1.6521141867145368
Egypt,2015,135,4.194,0.8818,0.747,0.61712,0.17288,0.11291,0.06324,2015135,1.6475041132405566
Yemen,2015,136,4.077,0.54649,0.68093,0.40064,0.35571,0.09131,0.07854,2015136,1.6247205359652572
Angola,2015,137,4.033,0.75778,0.8604,0.16683,0.10384,0.12344,0.07122,2015137,1.616016227794223
Mali,2015,138,3.995,0.26074,1.03526,0.20583,0.38857,0.18798,0.12352,2015138,1.608437412100517
Congo (Brazzaville),2015,139,3.989,0.67866,0.6629,0.31051,0.41466,0.12388,0.11686,2015139,1.6072354888789002
Comoros,2015,140,3.956,0.23906,0.79273,0.36315,0.22917,0.17441,0.199,2015140,1.600598963766896
Uganda,2015,141,3.931,0.21102,1.13299,0.33861,0.45727,0.29066,0.07267,2015141,1.5955418072419891
Senegal,2015,142,3.904,0.36498,0.97619,0.4354,0.36772,0.20843,0.10713,2015142,1.5900511986339103
Gabon,2015,143,3.896,1.06024,0.90528,0.43372,0.31914,0.06822,0.11091,2015143,1.588418545210025
Niger,2015,144,3.845,0.0694,0.77265,0.29707,0.47692,0.19387,0.15639,2015144,1.5779472453427297
Cambodia,2015,145,3.819,0.46038,0.62736,0.61114,0.66246,0.40359,0.07247,2015145,1.5725664376581956
Tanzania,2015,146,3.781,0.2852,1.00268,0.38215,0.32878,0.34377,0.05747,2015146,1.5646497296439663
Madagascar,2015,147,3.681,0.20824,0.66801,0.46721,0.19184,0.21333,0.08124,2015147,1.5435117623179335
Central African Republic,2015,148,3.678,0.0785,0.0,0.06699,0.48879,0.23835,0.08289,2015148,1.5428706681619873
Chad,2015,149,3.667,0.34193,0.76062,0.1501,0.23501,0.18386,0.05269,2015149,1.5405164669676785
Guinea,2015,150,3.656,0.17417,0.46475,0.24009,0.37725,0.28657,0.12139,2015150,1.5381567104291367
Ivory Coast,2015,151,3.655,0.46534,0.77115,0.15185,0.46866,0.20165,0.17922,2015151,1.5379419107290304
Burkina Faso,2015,152,3.587,0.25812,0.85188,0.27125,0.39493,0.21747,0.12832,2015152,1.523226215615035
Afghanistan,2015,153,3.575,0.31982,0.30285,0.30335,0.23414,0.3651,0.09719,2015153,1.5206066987274847
Rwanda,2015,154,3.465,0.22208,0.7737,0.42864,0.59201,0.22628,0.55191,2015154,1.4962692143284624
Benin,2015,155,3.34,0.28665,0.35386,0.3191,0.4845,0.1826,0.0801,2015155,1.4678743481123135
Syria,2015,156,3.006,0.6632,0.47489,0.72193,0.15684,0.47179,0.18906,2015156,1.3877932372436264
Burundi,2015,157,2.905,0.0153,0.41587,0.22396,0.1185,0.19727,0.10062,2015157,1.3622577832916491
Togo,2015,158,2.839,0.20868,0.13995,0.28443,0.36453,0.16681,0.10731,2015158,1.3452119160186606
Denmark,2016,1,7.526,1.44178,1.16374,0.79504,0.57941,0.36171,0.44453,201601,2.1431203183430187
Switzerland,2016,2,7.509,1.52733,1.14524,0.86303,0.58557,0.28083,0.41203,201602,2.14112442686742
Iceland,2016,3,7.501,1.42666,1.18326,0.86733,0.56624,0.47678,0.14975,201603,2.140183803635222
Norway,2016,4,7.498,1.57744,1.1269,0.79579,0.59609,0.37895,0.35776,201604,2.13983084169262
Finland,2016,5,7.413,1.40598,1.13464,0.81091,0.57104,0.25492,0.41004,201605,2.1297781285686765
Canada,2016,6,7.404,1.44015,1.0961,0.8276,0.5737,0.44834,0.31329,201606,2.128707782982754
Netherlands,2016,7,7.339,1.46468,1.02912,0.81231,0.55211,0.47416,0.29927,201607,2.1209433051048485
New Zealand,2016,8,7.334,1.36066,1.17278,0.83096,0.58147,0.49401,0.41904,201608,2.120343533000262
Australia,2016,9,7.313,1.44443,1.10476,0.8512,0.56837,0.47407,0.32331,201609,2.117820554548951
Sweden,2016,10,7.291,1.45181,1.08764,0.83121,0.58218,0.38254,0.40867,201610,2.1151705891340815
Israel,2016,11,7.267,1.33766,0.99537,0.84917,0.36432,0.32288,0.08728,201611,2.1122716862705384
Austria,2016,12,7.119,1.45038,1.08383,0.80565,0.54355,0.32865,0.21348,201612,2.0942069938803094
United States,2016,13,7.104,1.50796,1.04782,0.779,0.48163,0.41077,0.14868,201613,2.092357766946382
Costa Rica,2016,14,7.087,1.06879,1.02152,0.76146,0.55225,0.22553,0.10547,201614,2.090257834113685
Puerto Rico,2016,15,7.039,1.35943,1.08113,0.77758,0.46823,0.22202,0.12275,201615,2.0843046973458237
Germany,2016,16,6.994,1.44787,1.09774,0.81487,0.53466,0.30452,0.28551,201616,2.0786912602891316
Brazil,2016,17,6.952,1.08754,1.03938,0.61415,0.40425,0.15776,0.14166,201617,2.073423469354273
Belgium,2016,18,6.929,1.42539,1.05249,0.81959,0.51354,0.2424,0.26248,201618,2.0705269242902617
Ireland,2016,19,6.907,1.48341,1.16157,0.81455,0.54008,0.44963,0.29754,201619,2.06774844308879
Luxembourg,2016,20,6.871,1.69752,1.03999,0.84542,0.5487,0.27571,0.35329,201620,2.063185119160313
Mexico,2016,21,6.778,1.11508,0.7146,0.71143,0.37709,0.11735,0.18355,201621,2.0512992357335555
Singapore,2016,22,6.739,1.64555,0.86758,0.94719,0.4877,0.32706,0.46987,201622,2.046272480288322
United Kingdom,2016,23,6.725,1.40283,1.08672,0.80991,0.50036,0.50156,0.27399,201623,2.044461822783809
Chile,2016,24,6.705,1.2167,0.90587,0.81883,0.37789,0.31595,0.11451,201624,2.041869468772079
Panama,2016,25,6.701,1.18306,0.98912,0.70835,0.48927,0.2418,0.08423,201625,2.041350190557113
Argentina,2016,26,6.65,1.15137,1.06612,0.69711,0.42284,0.10989,0.07296,201626,2.0347056478384444
Czech Republic,2016,27,6.596,1.30915,1.00793,0.76376,0.41418,0.09929,0.03986,201627,2.0276217929500393
United Arab Emirates,2016,28,6.573,1.57352,0.87114,0.72993,0.56215,0.26591,0.35561,201628,2.0245892901316855
Uruguay,2016,29,6.545,1.18157,1.03143,0.72183,0.54388,0.18056,0.21394,201629,2.020885092219812
Malta,2016,30,6.488,1.30782,1.09879,0.80315,0.54994,0.56237,0.17554,201630,2.013301739175291
Colombia,2016,31,6.481,1.03032,1.02169,0.59659,0.44735,0.15626,0.05399,201631,2.012366472890268
France,2016,32,6.478,1.39488,1.00508,0.83795,0.46562,0.1216,0.17808,201632,2.011965376554922
Thailand,2016,33,6.474,1.0893,1.04477,0.64915,0.49553,0.58696,0.02833,201633,2.011430331063292
Saudi Arabia,2016,34,6.379,1.48953,0.84829,0.59267,0.37904,0.15457,0.30008,201634,1.9986381280762295
Taiwan,2016,34,6.379,1.39729,0.92624,0.79565,0.32377,0.25495,0.0663,201635,1.9986381280762295
Qatar,2016,36,6.375,1.82427,0.87964,0.71723,0.56679,0.32388,0.48049,201636,1.9980959022258835
Spain,2016,37,6.361,1.34253,1.12945,0.87896,0.37545,0.17665,0.06137,201637,1.9961957930765688
Algeria,2016,38,6.355,1.05266,0.83309,0.61804,0.21006,0.07044,0.16157,201638,1.995380354053401
Guatemala,2016,39,6.324,0.83454,0.87119,0.54039,0.50379,0.28808,0.08701,201639,1.9911566268122642
Suriname,2016,40,6.269,1.09686,0.77866,0.50933,0.52234,0.16665,0.12692,201640,1.9836187305024984
Kuwait,2016,41,6.239,1.61714,0.87758,0.63569,0.43166,0.15965,0.23669,201641,1.9794830753110044
Bahrain,2016,42,6.218,1.44024,0.94397,0.65696,0.47375,0.17147,0.25772,201642,1.9765779062205968
Trinidad and Tobago,2016,43,6.168,1.32572,0.98569,0.52608,0.48453,0.31935,0.01241,201643,1.9696266756726293
Venezuela,2016,44,6.084,1.13367,1.03302,0.61904,0.19847,0.0425,0.08304,201644,1.9578387199205871
Slovakia,2016,45,6.078,1.27973,1.08268,0.70367,0.23391,0.13837,0.02947,201645,1.9569913819232716
El Salvador,2016,46,6.068,0.8737,0.80975,0.596,0.37269,0.08877,0.10613,201646,1.9555775544574499
Malaysia,2016,47,6.005,1.25142,0.88025,0.62366,0.39031,0.41474,0.09081,201647,1.9466241797889703
Nicaragua,2016,48,5.992,0.69384,0.89521,0.65213,0.46582,0.29773,0.16292,201648,1.9447666383532343
Uzbekistan,2016,49,5.987,0.73591,1.1681,0.50163,0.60848,0.34326,0.28333,201649,1.9440512795703135
Italy,2016,50,5.977,1.35495,1.04167,0.85102,0.18827,0.16684,0.02556,201650,1.9426190249570996
Ecuador,2016,51,5.976,0.97306,0.85974,0.68613,0.4027,0.10074,0.18037,201651,1.9424756866066786
Belize,2016,52,5.956,0.87616,0.68655,0.45569,0.51231,0.23684,0.10771,201652,1.9396045964920368
Japan,2016,53,5.921,1.38007,1.06054,0.91491,0.46761,0.10224,0.18985,201653,1.9345602678597262
Kazakhstan,2016,54,5.919,1.22943,0.95544,0.57386,0.4052,0.15011,0.11132,201654,1.934271250516674
Moldova,2016,55,5.897,0.69177,0.83132,0.52309,0.25202,0.19997,0.01903,201655,1.9310865344491543
Russia,2016,56,5.856,1.23228,1.05261,0.58991,0.32682,0.02736,0.03586,201656,1.9251241812954787
Poland,2016,57,5.835,1.24585,1.04685,0.69058,0.4519,0.14443,0.055,201657,1.9220564701759129
South Korea,2016,57,5.835,1.35948,0.72194,0.88645,0.25168,0.18824,0.07716,201658,1.9220564701759129
Bolivia,2016,59,5.822,0.79422,0.83779,0.4697,0.50961,0.21698,0.07746,201659,1.920152683996454
Lithuania,2016,60,5.813,1.2692,1.06411,0.64674,0.18929,0.02025,0.0182,201660,1.918832551791531
Belarus,2016,61,5.802,1.13062,1.04993,0.63104,0.29091,0.13942,0.17457,201661,1.9172166865850038
North Cyprus,2016,62,5.771,1.31141,0.81826,0.84142,0.43596,0.26322,0.16578,201662,1.9126487865035082
Slovenia,2016,63,5.768,1.29947,1.05613,0.79151,0.53164,0.25738,0.03635,201663,1.912205622303922
Peru,2016,64,5.743,0.99602,0.81255,0.62994,0.37502,0.14527,0.05292,201664,1.908504929752445
Turkmenistan,2016,65,5.658,1.08017,1.03817,0.44006,0.37408,0.22567,0.28467,201665,1.8958191391528332
Mauritius,2016,66,5.648,1.14372,0.75695,0.66189,0.46145,0.36951,0.05203,201666,1.894316057553147
Libya,2016,67,5.615,1.06688,0.95076,0.52304,0.40672,0.17087,0.10339,201667,1.889339797566919
Latvia,2016,68,5.56,1.21788,0.95025,0.63952,0.27996,0.17445,0.0889,201668,1.8809906029559977
Cyprus,2016,69,5.546,1.31857,0.70697,0.8488,0.29507,0.27906,0.05228,201669,1.8788541760789887
Paraguay,2016,70,5.538,0.89373,1.11111,0.58295,0.46235,0.25296,0.07396,201670,1.8776313083020189
Romania,2016,71,5.528,1.1697,0.72803,0.67602,0.36712,0.12889,0.00679,201671,1.8761006176618058
Estonia,2016,72,5.517,1.27964,1.05163,0.68098,0.41511,0.08423,0.18519,201672,1.8744141473502434
Jamaica,2016,73,5.51,0.89333,0.96372,0.59469,0.43597,0.22245,0.04294,201673,1.873339456220478
Croatia,2016,74,5.488,1.18649,0.60809,0.70524,0.23907,0.18434,0.04002,201674,1.8699543168131119
Hong Kong,2016,75,5.458,1.5107,0.87021,0.95277,0.48079,0.40097,0.31647,201675,1.8653196723360834
Somalia,2016,76,5.44,0.0,0.33613,0.11466,0.56778,0.27225,0.3118,201676,1.8625285401162623
Kosovo,2016,77,5.401,0.90145,0.66062,0.54,0.14396,0.27992,0.06547,201677,1.8564542281598664
Turkey,2016,78,5.389,1.16492,0.87717,0.64718,0.23889,0.04707,0.12348,201678,1.8545777616202064
Indonesia,2016,79,5.314,0.95104,0.87625,0.49374,0.39237,0.56521,0.00322,201679,1.8427693901358
Jordan,2016,80,5.303,0.99673,0.86216,0.60712,0.36023,0.14262,0.13297,201680,1.841025710530973
Azerbaijan,2016,81,5.291,1.12373,0.76042,0.54504,0.35327,0.0564,0.17914,201681,1.8391200405878927
Philippines,2016,82,5.279,0.81217,0.87877,0.47036,0.54854,0.21674,0.11757,201682,1.8372107321319724
China,2016,83,5.245,1.0278,0.79381,0.73561,0.44012,0.04959,0.02745,201683,1.831781143577541
Bhutan,2016,84,5.196,0.8527,0.90836,0.49759,0.46074,0.48546,0.1616,201684,1.823903922554622
Kyrgyzstan,2016,85,5.185,0.56044,0.95434,0.55449,0.40212,0.38432,0.04762,201685,1.8221270058444512
Serbia,2016,86,5.177,1.03437,0.81329,0.6458,0.15718,0.20737,0.04339,201686,1.820832716713762
Bosnia and Herzegovina,2016,87,5.163,0.93383,0.64367,0.70766,0.09511,0.29889,0.0,201687,1.8185636719801062
Montenegro,2016,88,5.161,1.07838,0.74173,0.63533,0.15111,0.17191,0.12721,201688,1.8182391020324336
Dominican Republic,2016,89,5.155,1.02787,0.99496,0.57669,0.52259,0.21286,0.12372,201689,1.8172647596364169
Morocco,2016,90,5.151,0.84058,0.38595,0.59471,0.25646,0.04053,0.08404,201690,1.8166146702262311
Hungary,2016,91,5.145,1.24142,0.93164,0.67608,0.1977,0.099,0.04472,201691,1.815638743017998
Pakistan,2016,92,5.132,0.68816,0.26135,0.40306,0.14622,0.31185,0.1388,201692,1.8135209610095675
Lebanon,2016,93,5.129,1.12268,0.64184,0.76171,0.26228,0.23693,0.03061,201693,1.8130316045035946
Portugal,2016,94,5.123,1.27607,0.94367,0.79363,0.44727,0.11691,0.01521,201694,1.8120521724958174
Macedonia,2016,95,5.121,1.0193,0.78236,0.64738,0.27668,0.23507,0.07047,201695,1.8117254818689328
Vietnam,2016,96,5.061,0.74037,0.79117,0.66157,0.55954,0.25075,0.11556,201696,1.801874802969148
Somaliland Region,2016,97,5.057,0.25558,0.75862,0.33108,0.3913,0.51479,0.36794,201697,1.8012146279988102
Tunisia,2016,98,5.045,0.97724,0.43165,0.59577,0.23553,0.03936,0.0817,201698,1.799231484066756
Greece,2016,99,5.033,1.24886,0.75473,0.80029,0.05822,0.0,0.04127,201699,1.7972443994586247
Tajikistan,2016,100,4.996,0.48835,0.75602,0.53119,0.43408,0.25998,0.13509,2016100,1.7910925802403512
Mongolia,2016,101,4.907,0.98853,1.08983,0.55469,0.35972,0.34539,0.03285,2016101,1.7761380883250981
Laos,2016,102,4.876,0.68042,0.5497,0.38291,0.52168,0.43079,0.22423,2016102,1.7708762583116309
Nigeria,2016,103,4.875,0.75216,0.64498,0.05108,0.27854,0.23219,0.0305,2016103,1.7707060600302227
Honduras,2016,104,4.871,0.69429,0.75596,0.58383,0.26755,0.2044,0.06906,2016104,1.7700249770820489
Iran,2016,105,4.813,1.11758,0.38857,0.64232,0.22544,0.38538,0.0557,2016105,1.7600967887192134
Zambia,2016,106,4.795,0.61202,0.6376,0.23573,0.42662,0.17866,0.11479,2016106,1.756995476791715
Nepal,2016,107,4.793,0.44626,0.69699,0.50073,0.37012,0.3816,0.07008,2016107,1.756650292114487
Palestinian Territories,2016,108,4.754,0.67024,0.71629,0.56844,0.17744,0.11154,0.10613,2016108,1.7498952651293562
Albania,2016,109,4.655,0.9553,0.50163,0.73007,0.31866,0.1684,0.05301,2016109,1.7325401095680837
Bangladesh,2016,110,4.643,0.54177,0.24749,0.52989,0.39778,0.19132,0.12583,2016110,1.730415838987003
Sierra Leone,2016,111,4.635,0.36485,0.628,0.0,0.30685,0.23897,0.08196,2016111,1.7289971474917396
Iraq,2016,112,4.575,1.07474,0.59205,0.51076,0.24856,0.19589,0.13636,2016112,1.7182923173461826
Namibia,2016,113,4.574,0.93287,0.70362,0.34745,0.48614,0.07795,0.10398,2016113,1.7181129290597563
Cameroon,2016,114,4.513,0.52497,0.62542,0.12698,0.42736,0.2268,0.06126,2016114,1.7071089396075465
Ethiopia,2016,115,4.508,0.29283,0.37932,0.34578,0.36703,0.29522,0.1717,2016115,1.7062015808664084
South Africa,2016,116,4.459,1.02416,0.96053,0.18611,0.42483,0.13656,0.08415,2016116,1.6972656227996206
Sri Lanka,2016,117,4.415,0.97318,0.84783,0.62007,0.50817,0.46978,0.07964,2016117,1.689172880452954
India,2016,118,4.404,0.74036,0.29247,0.45091,0.40285,0.25028,0.08722,2016118,1.6871394200979524
Myanmar,2016,119,4.395,0.34112,0.69981,0.3988,0.42692,0.81971,0.20243,2016119,1.6854725987100978
Egypt,2016,120,4.362,0.95395,0.49813,0.52116,0.18847,0.12706,0.10393,2016120,1.6793370398137677
Armenia,2016,121,4.36,0.86086,0.62477,0.64083,0.14037,0.07793,0.03616,2016121,1.6789639750827106
Kenya,2016,122,4.356,0.52267,0.7624,0.30147,0.40576,0.41328,0.06686,2016122,1.6782174278289261
Ukraine,2016,123,4.324,0.87287,1.01413,0.58628,0.12859,0.20363,0.01829,2016123,1.672224900532865
Ghana,2016,124,4.276,0.63107,0.49353,0.29681,0.40973,0.21203,0.0326,2016124,1.663168234855068
Congo (Kinshasa),2016,125,4.272,0.05661,0.80676,0.188,0.15602,0.25458,0.06075,2016125,1.662409797200206
Georgia,2016,126,4.252,0.83792,0.19249,0.64035,0.32461,0.06786,0.3188,2016126,1.6586089564405497
Congo (Brazzaville),2016,127,4.236,0.77109,0.47799,0.28212,0.37938,0.12077,0.09753,2016127,1.6555578480476534
Senegal,2016,128,4.219,0.44314,0.77416,0.40457,0.31056,0.19103,0.11681,2016128,1.6523058126612762
Bulgaria,2016,129,4.217,1.11306,0.92542,0.67806,0.21219,0.12793,0.00615,2016129,1.6519225240402555
Mauritania,2016,130,4.201,0.61391,0.84142,0.28639,0.1268,0.22686,0.17955,2016130,1.6488509147909354
Zimbabwe,2016,131,4.193,0.35041,0.71478,0.1595,0.25429,0.18503,0.08582,2016131,1.6473115648621819
Malawi,2016,132,4.156,0.08709,0.147,0.29364,0.4143,0.30968,0.07564,2016132,1.640161085076941
Sudan,2016,133,4.139,0.63069,0.81928,0.29759,0.0,0.18077,0.10039,2016133,1.6368585080100926
Gabon,2016,134,4.121,1.15851,0.72368,0.3494,0.28098,0.06244,0.09314,2016134,1.6333497324804134
Mali,2016,135,4.073,0.31292,0.86333,0.16347,0.27544,0.21064,0.13647,2016135,1.623932358584553
Haiti,2016,136,4.028,0.34097,0.29561,0.27494,0.12072,0.47958,0.14476,2016136,1.615022290728001
Botswana,2016,137,3.974,1.09426,0.89186,0.34752,0.44089,0.12425,0.10769,2016137,1.604224345381213
Comoros,2016,138,3.956,0.27509,0.60323,0.29981,0.15412,0.1827,0.18437,2016138,1.600598963766896
Ivory Coast,2016,139,3.916,0.55507,0.57576,0.04476,0.40663,0.20338,0.1553,2016139,1.5924951917037884
Cambodia,2016,140,3.907,0.55604,0.5375,0.42494,0.58852,0.40339,0.08092,2016140,1.5906627571077663
Angola,2016,141,3.866,0.84731,0.66366,0.04991,0.00589,0.12071,0.08434,2016141,1.5822722443613308
Niger,2016,142,3.856,0.1327,0.6053,0.26162,0.38041,0.2097,0.17176,2016142,1.580215053757197
South Sudan,2016,143,3.832,0.39394,0.18519,0.15781,0.19662,0.25899,0.13015,2016143,1.5752604606325138
Chad,2016,144,3.763,0.42214,0.63178,0.03824,0.12807,0.18667,0.04952,2016144,1.5608777218187233
Burkina Faso,2016,145,3.739,0.31995,0.63054,0.21297,0.3337,0.24353,0.12533,2016145,1.5558261429854512
Uganda,2016,145,3.739,0.34719,0.90981,0.19625,0.43653,0.27102,0.06442,2016146,1.5558261429854512
Yemen,2016,147,3.724,0.57939,0.47493,0.31048,0.2287,0.09821,0.05892,2016147,1.552655898335116
Madagascar,2016,148,3.695,0.27954,0.46115,0.37109,0.13684,0.2204,0.07506,2016148,1.5464981126602262
Tanzania,2016,149,3.666,0.47155,0.77623,0.357,0.3176,0.31472,0.05099,2016149,1.5403021735992382
Liberia,2016,150,3.622,0.10706,0.50353,0.23165,0.25748,0.24063,0.04852,2016150,1.530827511852189
Guinea,2016,151,3.607,0.22415,0.3109,0.18829,0.30953,0.29914,0.1192,2016151,1.52757688595378
Rwanda,2016,152,3.515,0.32846,0.61586,0.31865,0.5432,0.23552,0.50521,2016152,1.5074051868689489
Benin,2016,153,3.484,0.39499,0.10419,0.21028,0.39747,0.2018,0.06681,2016153,1.5005155052099135
Afghanistan,2016,154,3.36,0.38227,0.11037,0.17344,0.1643,0.31268,0.07112,2016154,1.4724720573609429
Togo,2016,155,3.303,0.28123,0.0,0.24811,0.34678,0.17517,0.11587,2016155,1.4593124538564626
Syria,2016,156,3.069,0.74719,0.14866,0.62994,0.06912,0.48397,0.17233,2016156,1.4033972690195529
Burundi,2016,157,2.905,0.06831,0.23442,0.15747,0.0432,0.2029,0.09419,2016157,1.3622577832916491
Norway,2017,1,7.53700017929077,1.61646318435669,1.53352355957031,0.796666502952576,0.635422587394714,0.36201223731041,0.315963834524155,201701,2.144409679029782
Denmark,2017,2,7.52199983596802,1.48238301277161,1.55112159252167,0.792565524578094,0.626006722450256,0.355280488729477,0.40077006816864,201702,2.1426510358296587
Iceland,2017,3,7.50400018692017,1.480633020401,1.6105740070343,0.833552122116089,0.627162635326385,0.475540220737457,0.153526559472084,201703,2.140536663019911
Switzerland,2017,4,7.49399995803833,1.56497955322266,1.51691174507141,0.858131289482117,0.620070576667786,0.290549278259277,0.367007285356522,201704,2.139360026950925
Finland,2017,5,7.4689998626709,1.44357192516327,1.5402467250824,0.80915766954422,0.617950856685638,0.24548277258873,0.38261154294014,201705,2.1364124217239584
Netherlands,2017,6,7.3769998550415,1.50394463539124,1.42893922328949,0.810696125030518,0.585384488105774,0.470489829778671,0.282661825418472,201706,2.125489837867327
Canada,2017,7,7.31599998474121,1.47920441627502,1.48134899139404,0.83455765247345,0.611100912094116,0.435539722442627,0.287371516227722,201707,2.118181368160895
New Zealand,2017,8,7.31400012969971,1.40570604801178,1.54819512367249,0.816759705543518,0.614062130451202,0.500005125999451,0.382816702127457,201708,2.1179408564306033
Sweden,2017,9,7.28399991989136,1.49438726902008,1.47816216945648,0.830875158309937,0.612924098968506,0.385399252176285,0.384398728609085,201709,2.1143259338630527
Australia,2017,10,7.28399991989136,1.484414935112,1.51004195213318,0.84388679265976,0.601607382297516,0.477699249982834,0.301183730363846,201710,2.1143259338630527
Israel,2017,11,7.21299982070923,1.37538242340088,1.37628996372223,0.83840399980545,0.405988603830338,0.330082654953003,0.0852421000599861,201711,2.1057182429279355
Costa Rica,2017,12,7.0789999961853,1.10970628261566,1.41640365123749,0.759509265422821,0.580131649971008,0.214613229036331,0.100106589496136,201712,2.0892681020253967
Austria,2017,13,7.00600004196167,1.48709726333618,1.4599449634552,0.815328419208527,0.567766189575195,0.316472321748734,0.221060365438461,201713,2.0801912658116595
United States,2017,14,6.99300003051758,1.54625928401947,1.41992056369781,0.77428662776947,0.505740523338318,0.392578780651093,0.135638788342476,201714,2.0785661624619203
Ireland,2017,15,6.97700023651123,1.53570663928986,1.55823111534119,0.80978262424469,0.573110342025757,0.42785832285881,0.29838815331459,201715,2.076562430578137
Germany,2017,16,6.95100021362305,1.48792338371277,1.47252035140991,0.798950731754303,0.562511384487152,0.336269170045853,0.276731938123703,201716,2.0732977337867906
Belgium,2017,17,6.89099979400635,1.46378076076508,1.46231269836426,0.818091869354248,0.539770722389221,0.231503337621689,0.251343131065369,201717,2.0657228434340125
Luxembourg,2017,18,6.86299991607666,1.74194359779358,1.45758366584778,0.845089495182037,0.59662789106369,0.283180981874466,0.31883442401886,201718,2.062168202336183
United Kingdom,2017,19,6.71400022506714,1.44163393974304,1.49646008014679,0.805335938930511,0.508190035820007,0.492774158716202,0.265428066253662,201719,2.043036888962486
Chile,2017,20,6.65199995040894,1.25278460979462,1.28402495384216,0.819479703903198,0.376895278692245,0.326662421226501,0.0822879821062088,201720,2.034967045097209
United Arab Emirates,2017,21,6.64799976348877,1.62634336948395,1.26641023159027,0.726798236370087,0.60834527015686,0.3609419465065,0.324489563703537,201721,2.0344441448245143
Brazil,2017,22,6.63500022888184,1.10735321044922,1.43130600452423,0.616552352905273,0.437453746795654,0.16234989464283,0.111092761158943,201722,2.0327429686485705
Czech Republic,2017,23,6.60900020599365,1.35268235206604,1.43388521671295,0.754444003105164,0.490946173667908,0.0881067588925362,0.0368729270994663,201723,2.0293317842667538
Argentina,2017,24,6.59899997711182,1.18529546260834,1.44045114517212,0.695137083530426,0.494519203901291,0.109457060694695,0.059739887714386,201724,2.028016656675649
Mexico,2017,25,6.57800006866455,1.15318381786346,1.210862159729,0.709978997707367,0.412730008363724,0.120990432798862,0.132774114608765,201725,2.0252493216574474
Singapore,2017,26,6.57200002670288,1.69227766990662,1.35381436347961,0.949492394924164,0.549840569496155,0.345965981483459,0.46430778503418,201726,2.0244572368736056
Malta,2017,27,6.52699995040894,1.34327983856201,1.48841166496277,0.821944236755371,0.588767051696777,0.574730575084686,0.153066068887711,201727,2.018496549463972
Uruguay,2017,28,6.4539999961853,1.21755969524384,1.41222786903381,0.719216823577881,0.57939225435257,0.175096929073334,0.178061872720718,201728,2.008750800545301
Guatemala,2017,29,6.4539999961853,0.872001945972443,1.25558519363403,0.540239989757538,0.531310617923737,0.283488392829895,0.0772232785820961,201729,2.008750800545301
Panama,2017,30,6.4520001411438,1.23374843597412,1.37319254875183,0.706156134605408,0.550026834011078,0.21055693924427,0.070983923971653,201730,2.008482471679734
France,2017,31,6.44199991226196,1.43092346191406,1.38777685165405,0.844465851783752,0.470222115516663,0.129762306809425,0.172502428293228,201731,2.0071396181348526
Thailand,2017,32,6.42399978637695,1.12786877155304,1.42579245567322,0.647239029407501,0.580200731754303,0.572123110294342,0.0316127352416515,201732,2.0047179667092423
Taiwan Province of China,2017,33,6.42199993133545,1.43362653255463,1.38456535339355,0.793984234333038,0.361466586589813,0.258360475301743,0.0638292357325554,201733,2.004448553386917
Spain,2017,34,6.40299987792969,1.38439786434174,1.53209090232849,0.888960599899292,0.408781230449677,0.190133571624756,0.0709140971302986,201734,2.001885306971658
Qatar,2017,35,6.375,1.87076568603516,1.27429687976837,0.710098087787628,0.604130983352661,0.330473870038986,0.439299255609512,201735,1.9980959022258835
Colombia,2017,36,6.35699987411499,1.07062232494354,1.4021829366684,0.595027923583984,0.477487415075302,0.149014472961426,0.0466687418520451,201736,1.9956522238392111
Saudi Arabia,2017,37,6.3439998626709,1.53062355518341,1.28667759895325,0.590148329734802,0.449750572443008,0.147616013884544,0.27343225479126,201737,1.993883634618693
Trinidad and Tobago,2017,38,6.16800022125244,1.36135590076447,1.3802285194397,0.519983291625977,0.518630743026733,0.325296461582184,0.0089648161083459,201738,1.9696267065393196
Kuwait,2017,39,6.10500001907349,1.63295245170593,1.25969874858856,0.632105708122253,0.496337592601776,0.228289797902107,0.215159550309181,201739,1.9607987642335805
Slovakia,2017,40,6.09800004959106,1.32539355754852,1.50505924224854,0.712732911109924,0.295817464590073,0.136544480919838,0.0242108516395092,201740,1.959813061210929
Bahrain,2017,41,6.08699989318848,1.48841226100922,1.32311046123505,0.653133034706116,0.536746919155121,0.172668486833572,0.257042169570923,201741,1.958262104756647
Malaysia,2017,42,6.08400011062622,1.29121541976929,1.28464603424072,0.618784427642822,0.402264982461929,0.416608929634094,0.0656007081270218,201742,1.9578387355369364
Nicaragua,2017,43,6.07100009918213,0.737299203872681,1.28721570968628,0.653095960617065,0.447551846504211,0.301674216985703,0.130687981843948,201743,1.9560019266487094
Ecuador,2017,44,6.00799989700317,1.00082039833069,1.28616881370544,0.685636222362518,0.4551981985569,0.150112465023994,0.140134647488594,201744,1.947052338937054
El Salvador,2017,45,6.00299978256226,0.909784495830536,1.18212509155273,0.596018552780151,0.432452529668808,0.0782579854130745,0.0899809598922729,201745,1.9463385976241527
Poland,2017,46,5.97300004959106,1.29178786277771,1.44571197032928,0.699475347995758,0.520342111587524,0.158465966582298,0.0593078061938286,201746,1.9420455553507423
Uzbekistan,2017,47,5.97100019454956,0.786441087722778,1.54896914958954,0.498272627592087,0.658248662948608,0.415983647108078,0.246528223156929,201747,1.941758714412676
Italy,2017,48,5.96400022506714,1.39506661891937,1.44492328166962,0.853144347667694,0.256450712680817,0.17278964817524,0.0280280914157629,201748,1.940754054224601
Russia,2017,49,5.96299982070923,1.28177809715271,1.46928238868713,0.547349333763123,0.373783111572266,0.0522638224065304,0.0329628810286522,201749,1.94061039021134
Belize,2017,50,5.95599985122681,0.907975316047668,1.08141779899597,0.450191766023636,0.547509372234344,0.240015640854836,0.0965810716152191,201750,1.9396045751042863
Japan,2017,51,5.92000007629395,1.41691517829895,1.43633782863617,0.913475871086121,0.505625545978546,0.12057276815176,0.163760736584663,201751,1.9344157806547153
Lithuania,2017,52,5.90199995040894,1.31458234786987,1.47351610660553,0.62894994020462,0.234231784939766,0.010164656676352,0.0118656428530812,201752,1.9318112174907842
Algeria,2017,53,5.87200021743774,1.09186446666718,1.1462174654007,0.617584645748138,0.233335807919502,0.0694366469979286,0.146096110343933,201753,1.9274552163230685
Latvia,2017,54,5.84999990463257,1.26074862480164,1.40471494197845,0.638566970825195,0.325707912445068,0.153074786067009,0.0738427266478539,201754,1.9242486383518813
South Korea,2017,55,5.83799982070923,1.40167844295502,1.12827444076538,0.900214076042175,0.257921665906906,0.206674367189407,0.0632826685905457,201755,1.9224952649973417
Moldova,2017,56,5.83799982070923,0.728870630264282,1.25182557106018,0.589465200901031,0.240729048848152,0.208779126405716,0.0100912861526012,201756,1.9224952649973417
Romania,2017,57,5.82499980926514,1.21768391132355,1.15009129047394,0.685158312320709,0.457003742456436,0.133519917726517,0.00438790069893,201757,1.9205923131245235
Bolivia,2017,58,5.82299995422363,0.833756566047668,1.22761905193329,0.473630249500275,0.558732926845551,0.22556072473526,0.0604777261614799,201758,1.9202992511241601
Turkmenistan,2017,59,5.82200002670288,1.13077676296234,1.49314916133881,0.437726080417633,0.41827192902565,0.24992498755455,0.259270340204239,201759,1.9201526879106845
Kazakhstan,2017,60,5.81899976730347,1.28455626964569,1.38436901569366,0.606041550636292,0.437454283237457,0.201964423060417,0.119282886385918,201760,1.919712799413786
North Cyprus,2017,61,5.80999994277954,1.3469113111496,1.18630337715149,0.834647238254547,0.471203625202179,0.266845703125,0.155353352427483,201761,1.918392111759004
Slovenia,2017,62,5.75799989700317,1.3412059545517,1.45251882076263,0.790828227996826,0.572575807571411,0.242649093270302,0.0451289787888527,201762,1.9107269730513716
Peru,2017,63,5.71500015258789,1.03522527217865,1.21877038478851,0.630166113376617,0.450002878904343,0.126819714903831,0.0470490865409374,201763,1.9043438526986392
Mauritius,2017,64,5.62900018692017,1.18939554691315,1.20956099033356,0.638007462024689,0.491247326135635,0.360933750867844,0.0421815551817417,201764,1.8914539914565944
Cyprus,2017,65,5.62099981307983,1.35593807697296,1.13136327266693,0.84471470117569,0.355111539363861,0.271254301071167,0.0412379764020443,201765,1.890246387711298
Estonia,2017,66,5.61100006103516,1.32087934017181,1.47667109966278,0.695168316364288,0.479131430387497,0.0988908112049103,0.183248922228813,201766,1.8887349375838052
Belarus,2017,67,5.56899976730347,1.15655755996704,1.44494521617889,0.637714266777039,0.295400261878967,0.15513750910759,0.156313821673393,201767,1.8823615784869026
Libya,2017,68,5.52500009536743,1.10180306434631,1.35756433010101,0.520169019699097,0.465733230113983,0.152073666453362,0.0926102101802826,201768,1.875640967824455
Turkey,2017,69,5.5,1.19827437400818,1.33775317668915,0.637605607509613,0.300740599632263,0.0466930419206619,0.0996715798974037,201769,1.8718021769015913
Paraguay,2017,70,5.49300003051758,0.932537317276001,1.50728487968445,0.579250693321228,0.473507791757584,0.224150657653809,0.091065913438797,201770,1.8707246782264235
"Hong Kong S.A.R., China",2017,71,5.47200012207031,1.55167484283447,1.26279091835022,0.943062424659729,0.490968644618988,0.374465793371201,0.293933749198914,201771,1.8674851986174867
Philippines,2017,72,5.42999982833862,0.85769921541214,1.25391757488251,0.468009054660797,0.585214674472809,0.193513423204422,0.0993318930268288,201772,1.860974511552579
Serbia,2017,73,5.39499998092651,1.06931757926941,1.25818979740143,0.65078467130661,0.208715528249741,0.220125883817673,0.0409037806093693,201773,1.8555164320482431
Jordan,2017,74,5.33599996566772,0.991012394428253,1.23908889293671,0.604590058326721,0.418421149253845,0.172170460224152,0.11980327218771,201774,1.84624764909352
Hungary,2017,75,5.32399988174438,1.2860119342804,1.34313309192657,0.687763452529907,0.175863519310951,0.0784016624093056,0.0366369374096394,201775,1.8443519006477282
Jamaica,2017,76,5.31099987030029,0.925579309463501,1.36821806430817,0.641022384166718,0.474307239055634,0.233818337321281,0.0552677810192108,201776,1.84229412205073
Croatia,2017,77,5.29300022125244,1.22255623340607,0.96798300743103,0.701288521289825,0.255772292613983,0.248002976179123,0.0431031100451946,201777,1.8394379397032958
Kosovo,2017,78,5.27899980545044,0.951484382152557,1.13785350322723,0.541452050209045,0.260287940502167,0.319931447505951,0.0574716180562973,201778,1.837210701147809
China,2017,79,5.27299976348877,1.08116579055786,1.16083741188049,0.741415500640869,0.472787708044052,0.0288068410009146,0.0227942746132612,201779,1.836254671411556
Pakistan,2017,80,5.26900005340576,0.72688353061676,0.672690689563751,0.402047783136368,0.23521526157856,0.315446019172668,0.124348066747189,201780,1.8356168608108552
Indonesia,2017,81,5.26200008392334,0.995538592338562,1.27444469928741,0.492345720529556,0.443323463201523,0.611704587936401,0.0153171354904771,201781,1.8344996363062165
Venezuela,2017,82,5.25,1.12843120098114,1.43133759498596,0.617144227027893,0.153997123241425,0.0650196298956871,0.0644911229610443,201782,1.8325814637483102
Montenegro,2017,83,5.23699998855591,1.12112903594971,1.23837649822235,0.667464673519135,0.194989055395126,0.197911024093628,0.0881741940975189,201783,1.8304992957091146
Morocco,2017,84,5.2350001335144,0.878114581108093,0.774864435195923,0.59771066904068,0.408158332109451,0.0322099551558495,0.0877631828188896,201784,1.8301786005456964
Azerbaijan,2017,85,5.23400020599365,1.15360176563263,1.15240025520325,0.540775775909424,0.398155838251114,0.0452693402767181,0.180987507104874,201785,1.8300182143887203
Dominican Republic,2017,86,5.23000001907349,1.07937383651733,1.40241670608521,0.574873745441437,0.55258983373642,0.186967849731445,0.113945253193378,201786,1.8293763358609172
Greece,2017,87,5.22700023651123,1.28948748111725,1.23941457271576,0.810198903083801,0.0957312509417534,0.0,0.04328977689147,201787,1.8288947138718832
Lebanon,2017,88,5.22499990463257,1.07498753070831,1.12962424755096,0.735081076622009,0.288515985012054,0.264450758695602,0.037513829767704,201788,1.8285734270307021
Portugal,2017,89,5.19500017166138,1.3151752948761,1.36704301834106,0.795843541622162,0.498465299606323,0.0951027125120163,0.0158694516867399,201789,1.8237425427907712
Bosnia and Herzegovina,2017,90,5.18200016021729,0.982409417629242,1.0693359375,0.705186307430267,0.204403176903725,0.328867495059967,0.0,201790,1.8216418696266647
Honduras,2017,91,5.18100023269653,0.730573117733002,1.14394497871399,0.582569479942322,0.348079860210419,0.236188873648643,0.0733454525470734,201791,1.821480108324204
Macedonia,2017,92,5.17500019073486,1.06457793712616,1.20789301395416,0.644948184490204,0.325905978679657,0.25376096367836,0.0602777935564518,201792,1.8205089134022767
Somalia,2017,93,5.15100002288818,0.0226431842893362,0.721151351928711,0.113989137113094,0.602126955986023,0.291631311178207,0.282410323619843,201793,1.8166146739472815
Vietnam,2017,94,5.07399988174438,0.788547575473785,1.27749133110046,0.652168989181519,0.571055591106415,0.234968051314354,0.0876332372426987,201794,1.8040173471544065
Nigeria,2017,95,5.07399988174438,0.783756256103516,1.21577048301697,0.0569157302379608,0.394952565431595,0.230947196483612,0.0261215660721064,201795,1.8040173471544065
Tajikistan,2017,96,5.04099988937378,0.524713635444641,1.27146327495575,0.529235124588013,0.471566706895828,0.248997643589973,0.146377146244049,201796,1.7985695428440365
Bhutan,2017,97,5.01100015640259,0.885416388511658,1.34012651443481,0.495879292488098,0.501537680625916,0.474054545164108,0.173380389809608,201797,1.7935911500764208
Kyrgyzstan,2017,98,5.00400018692017,0.596220076084137,1.39423859119415,0.553457796573639,0.454943388700485,0.42858037352562,0.0394391790032387,201798,1.7924259449038216
Nepal,2017,99,4.96199989318848,0.479820191860199,1.17928326129913,0.504130780696869,0.440305948257446,0.394096165895462,0.0729755461215973,201799,1.7854059773404956
Mongolia,2017,100,4.95499992370605,1.02723586559296,1.4930112361908,0.557783484458923,0.394143968820572,0.338464230298996,0.0329022891819477,2017100,1.784231189995517
South Africa,2017,101,4.8289999961853,1.05469870567322,1.38478863239288,0.187080070376396,0.479246735572815,0.139362379908562,0.0725094974040985,2017101,1.7628454584089779
Tunisia,2017,102,4.80499982833862,1.00726580619812,0.868351459503174,0.613212049007416,0.289680689573288,0.0496933571994305,0.0867231488227844,2017102,1.7587195855785573
Palestinian Territories,2017,103,4.77500009536743,0.716249227523804,1.15564715862274,0.565666973590851,0.25471106171608,0.114173173904419,0.0892826020717621,2017103,1.7535382729216977
Egypt,2017,104,4.7350001335144,0.989701807498932,0.997471392154694,0.520187258720398,0.282110154628754,0.128631442785263,0.114381365478039,2017104,1.7465877738619615
Bulgaria,2017,105,4.71400022506714,1.1614590883255,1.43437945842743,0.708217680454254,0.289231717586517,0.113177694380283,0.0110515309497714,2017105,1.7429193431972994
Sierra Leone,2017,106,4.70900011062622,0.36842092871666,0.984136044979095,0.0055647538974881,0.318697690963745,0.293040901422501,0.0710951760411263,2017106,1.7420438963596347
Cameroon,2017,107,4.69500017166138,0.564305365085602,0.946018218994141,0.132892116904259,0.430388748645782,0.236298456788063,0.0513066314160824,2017107,1.7395886270416172
Iran,2017,108,4.69199991226196,1.15687310695648,0.711551249027252,0.639333188533783,0.249322608113289,0.387242913246155,0.048761073499918,2017108,1.7390616648133332
Albania,2017,109,4.64400005340576,0.996192753314972,0.803685247898102,0.731159746646881,0.381498634815216,0.201312944293022,0.0398642159998417,2017109,1.7305930434529628
Bangladesh,2017,110,4.60799980163574,0.586682975292206,0.735131740570068,0.533241033554077,0.478356659412384,0.172255352139473,0.123717859387398,2017110,1.72419411436063
Namibia,2017,111,4.57399988174438,0.964434325695038,1.0984708070755,0.33861181139946,0.520303547382355,0.0771337449550629,0.0931469723582268,2017111,1.7181129078441804
Kenya,2017,112,4.55299997329712,0.560479462146759,1.06795072555542,0.309988349676132,0.452763766050339,0.444860309362411,0.0646413192152977,2017112,1.7143383174507396
Mozambique,2017,113,4.55000019073486,0.234305649995804,0.870701014995575,0.106654435396194,0.480791091918945,0.322228103876114,0.179436385631561,2017113,1.713797962124984
Myanmar,2017,114,4.54500007629395,0.367110550403595,1.12323594093323,0.397522568702698,0.514492034912109,0.838075160980225,0.188816204667091,2017114,1.7128966345613834
Senegal,2017,115,4.53499984741211,0.479309022426605,1.17969191074371,0.409362852573395,0.377922266721725,0.183468893170357,0.115460447967052,2017115,1.7110915385927787
Zambia,2017,116,4.51399993896484,0.636406779289246,1.00318729877472,0.257835894823074,0.461603492498398,0.249580144882202,0.0782135501503944,2017116,1.7072903015324792
Iraq,2017,117,4.49700021743774,1.10271048545837,0.978613197803497,0.501180469989777,0.288555532693863,0.19963726401329,0.107215754687786,2017117,1.7042025284342328
Gabon,2017,118,4.46500015258789,1.1982102394104,1.1556202173233,0.356578588485718,0.312328577041626,0.0437853783369064,0.0760467872023582,2017118,1.6983641495494328
Ethiopia,2017,119,4.46000003814697,0.339233845472336,0.86466920375824,0.353409707546234,0.408842742443085,0.312650740146637,0.165455713868141,2017119,1.6974487967434382
Sri Lanka,2017,120,4.44000005722046,1.00985014438629,1.25997638702393,0.625130832195282,0.561213254928589,0.490863561630249,0.0736539661884308,2017120,1.6937790713863181
Armenia,2017,121,4.37599992752075,0.900596737861633,1.00748372077942,0.637524425983429,0.198303267359734,0.0834880918264389,0.0266744215041399,2017121,1.681944589738845
India,2017,122,4.31500005722046,0.792221248149872,0.754372596740723,0.455427616834641,0.469987004995346,0.231538489460945,0.0922268852591515,2017122,1.670533022559755
Mauritania,2017,123,4.29199981689453,0.648457288742065,1.2720308303833,0.285349279642105,0.0960980430245399,0.201870024204254,0.136957004666328,2017123,1.6661962116522797
Congo (Brazzaville),2017,124,4.29099988937378,0.808964252471924,0.832044363021851,0.28995743393898,0.435025870800018,0.120852127671242,0.0796181336045265,2017124,1.6660072430136181
Georgia,2017,125,4.28599977493286,0.950612664222717,0.57061493396759,0.649546980857849,0.309410035610199,0.0540088154375553,0.251666635274887,2017125,1.6650617736041284
Congo (Kinshasa),2017,126,4.28000020980835,0.0921023488044739,1.22902345657349,0.191407024860382,0.235961347818375,0.246455833315849,0.0602413564920425,2017126,1.6639261374545993
Mali,2017,127,4.19000005722046,0.476180493831635,1.28147339820862,0.169365674257278,0.306613743305206,0.183354198932648,0.104970246553421,2017127,1.6467337082029339
Ivory Coast,2017,128,4.17999982833862,0.603048920631409,0.904780030250549,0.0486421696841717,0.447706192731857,0.201237469911575,0.130061775445938,2017128,1.6448050231321287
Cambodia,2017,129,4.16800022125244,0.601765096187592,1.00623834133148,0.429783403873444,0.633375823497772,0.385922968387604,0.0681059509515762,2017129,1.6424858092923045
Sudan,2017,130,4.13899993896484,0.65951669216156,1.21400856971741,0.290920823812485,0.0149958552792668,0.182317450642586,0.089847519993782,2017130,1.636858496133237
Ghana,2017,131,4.11999988555908,0.667224824428558,0.873664736747742,0.295637726783752,0.423026293516159,0.256923943758011,0.0253363698720932,2017131,1.633154416699674
Ukraine,2017,132,4.09600019454956,0.89465194940567,1.39453756809235,0.575903952121735,0.122974775731564,0.270061463117599,0.0230294708162546,2017132,1.6284559564467767
Uganda,2017,133,4.08099985122681,0.381430715322495,1.12982773780823,0.217632606625557,0.443185955286026,0.325766056776047,0.057069718837738,2017133,1.6255080633312973
Burkina Faso,2017,134,4.03200006484985,0.3502277135849,1.04328000545502,0.215844258666039,0.324367851018906,0.250864684581757,0.120328105986118,2017134,1.6158175322856294
Niger,2017,135,4.02799987792969,0.161925330758095,0.993025004863739,0.26850500702858,0.36365869641304,0.228673845529556,0.138572946190834,2017135,1.615022266449896
Malawi,2017,136,3.97000002861023,0.233442038297653,0.512568831443787,0.315089583396912,0.466914653778076,0.287170469760895,0.0727116540074348,2017136,1.6034198458651228
Chad,2017,137,3.93600010871887,0.438012987375259,0.953855872154236,0.0411347150802612,0.16234202682972,0.216113850474358,0.0535818822681904,2017137,1.5965553086287894
Zimbabwe,2017,138,3.875,0.375846534967422,1.08309590816498,0.196763753890991,0.336384207010269,0.189143493771553,0.0953753814101219,2017138,1.5841201044498106
Lesotho,2017,139,3.80800008773804,0.521021246910095,1.19009518623352,0.0,0.390661299228668,0.157497271895409,0.119094640016556,2017139,1.5702812154812507
Angola,2017,140,3.79500007629395,0.858428180217743,1.10441195964813,0.0498686656355858,0.0,0.097926490008831,0.0697203353047371,2017140,1.5675737242465484
Afghanistan,2017,141,3.79399991035461,0.401477217674255,0.581543326377869,0.180746778845787,0.106179520487785,0.311870932579041,0.0611578300595284,2017141,1.5673651173126952
Botswana,2017,142,3.76600003242493,1.12209415435791,1.22155499458313,0.341755509376526,0.505196332931519,0.0993484482169151,0.0985831990838051,2017142,1.5615073854799348
Benin,2017,143,3.65700006484985,0.431085407733917,0.435299843549728,0.209930211305618,0.425962775945663,0.207948461174965,0.0609290152788162,2017143,1.5383714779254816
Madagascar,2017,144,3.64400005340576,0.305808693170547,0.913020372390747,0.375223308801651,0.189196765422821,0.208732530474663,0.0672319754958153,2017144,1.5355760753355934
Haiti,2017,145,3.6029999256134,0.368610262870789,0.640449821949005,0.277321130037308,0.0303698573261499,0.489203780889511,0.0998721495270729,2017145,1.5267082486746437
Yemen,2017,146,3.59299993515015,0.591683447360992,0.93538224697113,0.310080915689468,0.249463722109795,0.104125209152699,0.0567674227058887,2017146,1.524533391224377
South Sudan,2017,147,3.59100008010864,0.39724862575531,0.601323127746582,0.163486003875732,0.147062435746193,0.285670816898346,0.116793513298035,2017147,1.524097882716146
Liberia,2017,148,3.53299999237061,0.119041793048382,0.872117936611176,0.229918196797371,0.332881182432175,0.26654988527298,0.0389482490718365,2017148,1.5113839702756349
Guinea,2017,149,3.50699996948242,0.244549930095673,0.791244685649872,0.194129139184952,0.348587512969971,0.264815092086792,0.110937617719173,2017149,1.5056317369373597
Togo,2017,150,3.49499988555908,0.305444717407227,0.431882530450821,0.247105568647385,0.38042613863945,0.196896150708199,0.0956650152802467,2017150,1.5029656424639792
Rwanda,2017,151,3.47099995613098,0.368745893239975,0.945707023143768,0.326424807310104,0.581843852996826,0.252756029367447,0.455220013856888,2017151,1.4976120874399401
Syria,2017,152,3.46199989318848,0.777153134346008,0.396102607250214,0.50053334236145,0.0815394446253777,0.493663728237152,0.151347130537033,2017152,1.4955970720723037
Tanzania,2017,153,3.34899997711182,0.511135876178741,1.04198980331421,0.364509284496307,0.390017777681351,0.354256361722946,0.0660351067781448,2017153,1.4699459283526408
Burundi,2017,154,2.90499997138977,0.091622568666935,0.629793584346771,0.151610791683197,0.0599007532000542,0.204435184597969,0.0841479450464249,2017154,1.3622577759650858
Central African Republic,2017,155,2.69300007820129,0.0,0.0,0.0187726859003305,0.270842045545578,0.280876487493515,0.0565650761127472,2017155,1.3064391570459715
